== sweep_decoder_surface: L_d(h, p) on a 9x10 log grid, d=[3, 5, 7], stack noise 0.001
   run dir runs/2026-09-06/sweep_decoder_surface
rotated_surface_d3 X: 50000/200000; failures visible/hidden [33, 33]; 0.2s
rotated_surface_d3 X: 100000/200000; failures visible/hidden [78, 78]; 0.3s
rotated_surface_d3 X: 150000/200000; failures visible/hidden [125, 125]; 0.5s
rotated_surface_d3 X: 200000/200000; failures visible/hidden [170, 170]; 0.6s
rotated_surface_d3 Z: 50000/200000; failures visible/hidden [51, 51]; 0.2s
rotated_surface_d3 Z: 100000/200000; failures visible/hidden [99, 99]; 0.3s
rotated_surface_d3 Z: 150000/200000; failures visible/hidden [133, 133]; 0.5s
rotated_surface_d3 Z: 200000/200000; failures visible/hidden [173, 173]; 0.6s
rotated_surface_d5 X: 50000/200000; failures visible/hidden [7, 7]; 0.3s
rotated_surface_d5 X: 100000/200000; failures visible/hidden [12, 12]; 0.5s
rotated_surface_d5 X: 150000/200000; failures visible/hidden [21, 21]; 0.8s
rotated_surface_d5 X: 200000/200000; failures visible/hidden [25, 25]; 1.0s
rotated_surface_d5 Z: 50000/200000; failures visible/hidden [5, 5]; 0.2s
rotated_surface_d5 Z: 100000/200000; failures visible/hidden [12, 12]; 0.5s
rotated_surface_d5 Z: 150000/200000; failures visible/hidden [14, 14]; 0.7s
rotated_surface_d5 Z: 200000/200000; failures visible/hidden [22, 22]; 1.0s
rotated_surface_d7 X: 50000/50000; failures visible/hidden [1, 1]; 0.4s
rotated_surface_d7 Z: 50000/50000; failures visible/hidden [1, 1]; 0.4s
rotated_surface_d3 X: 50000/200000; failures visible/hidden [43, 43]; 0.2s
rotated_surface_d3 X: 100000/200000; failures visible/hidden [79, 79]; 0.3s
rotated_surface_d3 X: 150000/200000; failures visible/hidden [118, 118]; 0.5s
rotated_surface_d3 X: 200000/200000; failures visible/hidden [155, 155]; 0.6s
rotated_surface_d3 Z: 50000/200000; failures visible/hidden [31, 31]; 0.2s
rotated_surface_d3 Z: 100000/200000; failures visible/hidden [74, 74]; 0.3s
rotated_surface_d3 Z: 150000/200000; failures visible/hidden [113, 113]; 0.5s
rotated_surface_d3 Z: 200000/200000; failures visible/hidden [153, 153]; 0.6s
rotated_surface_d5 X: 50000/200000; failures visible/hidden [5, 5]; 0.3s
rotated_surface_d5 X: 100000/200000; failures visible/hidden [14, 14]; 0.5s
rotated_surface_d5 X: 150000/200000; failures visible/hidden [21, 21]; 0.8s
rotated_surface_d5 X: 200000/200000; failures visible/hidden [24, 24]; 1.0s
rotated_surface_d5 Z: 50000/200000; failures visible/hidden [4, 4]; 0.2s
rotated_surface_d5 Z: 100000/200000; failures visible/hidden [11, 11]; 0.5s
rotated_surface_d5 Z: 150000/200000; failures visible/hidden [16, 16]; 0.7s
rotated_surface_d5 Z: 200000/200000; failures visible/hidden [21, 21]; 1.0s
rotated_surface_d7 X: 50000/50000; failures visible/hidden [2, 2]; 0.4s
rotated_surface_d7 Z: 50000/50000; failures visible/hidden [2, 2]; 0.4s
rotated_surface_d3 X: 50000/200000; failures visible/hidden [43, 43]; 0.2s
rotated_surface_d3 X: 100000/200000; failures visible/hidden [83, 83]; 0.3s
rotated_surface_d3 X: 150000/200000; failures visible/hidden [114, 114]; 0.5s
rotated_surface_d3 X: 200000/200000; failures visible/hidden [155, 155]; 0.6s
rotated_surface_d3 Z: 50000/200000; failures visible/hidden [35, 35]; 0.2s
rotated_surface_d3 Z: 100000/200000; failures visible/hidden [75, 75]; 0.3s
rotated_surface_d3 Z: 150000/200000; failures visible/hidden [116, 116]; 0.5s
rotated_surface_d3 Z: 200000/200000; failures visible/hidden [154, 154]; 0.6s
rotated_surface_d5 X: 50000/200000; failures visible/hidden [5, 5]; 0.3s
rotated_surface_d5 X: 100000/200000; failures visible/hidden [10, 10]; 0.5s
rotated_surface_d5 X: 150000/200000; failures visible/hidden [20, 20]; 0.8s
rotated_surface_d5 X: 200000/200000; failures visible/hidden [27, 27]; 1.0s
rotated_surface_d5 Z: 50000/200000; failures visible/hidden [8, 8]; 0.2s
rotated_surface_d5 Z: 100000/200000; failures visible/hidden [12, 12]; 0.5s
rotated_surface_d5 Z: 150000/200000; failures visible/hidden [19, 19]; 0.7s
rotated_surface_d5 Z: 200000/200000; failures visible/hidden [23, 23]; 1.0s
rotated_surface_d7 X: 50000/50000; failures visible/hidden [1, 1]; 0.4s
rotated_surface_d7 Z: 50000/50000; failures visible/hidden [0, 0]; 0.4s
rotated_surface_d3 X: 50000/200000; failures visible/hidden [30, 30]; 0.2s
rotated_surface_d3 X: 100000/200000; failures visible/hidden [73, 73]; 0.3s
rotated_surface_d3 X: 150000/200000; failures visible/hidden [110, 110]; 0.5s
rotated_surface_d3 X: 200000/200000; failures visible/hidden [142, 142]; 0.6s
rotated_surface_d3 Z: 50000/200000; failures visible/hidden [38, 38]; 0.2s
rotated_surface_d3 Z: 100000/200000; failures visible/hidden [80, 80]; 0.3s
rotated_surface_d3 Z: 150000/200000; failures visible/hidden [120, 120]; 0.5s
rotated_surface_d3 Z: 200000/200000; failures visible/hidden [154, 154]; 0.6s
rotated_surface_d5 X: 50000/200000; failures visible/hidden [4, 4]; 0.3s
rotated_surface_d5 X: 100000/200000; failures visible/hidden [11, 11]; 0.5s
rotated_surface_d5 X: 150000/200000; failures visible/hidden [21, 21]; 0.8s
rotated_surface_d5 X: 200000/200000; failures visible/hidden [28, 28]; 1.0s
rotated_surface_d5 Z: 50000/200000; failures visible/hidden [4, 4]; 0.2s
rotated_surface_d5 Z: 100000/200000; failures visible/hidden [13, 13]; 0.5s
rotated_surface_d5 Z: 150000/200000; failures visible/hidden [21, 21]; 0.7s
rotated_surface_d5 Z: 200000/200000; failures visible/hidden [32, 32]; 1.0s
rotated_surface_d7 X: 50000/50000; failures visible/hidden [0, 0]; 0.4s
rotated_surface_d7 Z: 50000/50000; failures visible/hidden [0, 0]; 0.4s
rotated_surface_d3 X: 50000/200000; failures visible/hidden [37, 37]; 0.2s
rotated_surface_d3 X: 100000/200000; failures visible/hidden [90, 90]; 0.3s
rotated_surface_d3 X: 150000/200000; failures visible/hidden [128, 128]; 0.5s
rotated_surface_d3 X: 200000/200000; failures visible/hidden [166, 166]; 0.6s
rotated_surface_d3 Z: 50000/200000; failures visible/hidden [54, 54]; 0.2s
rotated_surface_d3 Z: 100000/200000; failures visible/hidden [97, 97]; 0.3s
rotated_surface_d3 Z: 150000/200000; failures visible/hidden [141, 141]; 0.5s
rotated_surface_d3 Z: 200000/200000; failures visible/hidden [173, 173]; 0.6s
rotated_surface_d5 X: 50000/200000; failures visible/hidden [2, 2]; 0.3s
rotated_surface_d5 X: 100000/200000; failures visible/hidden [10, 10]; 0.5s
rotated_surface_d5 X: 150000/200000; failures visible/hidden [16, 16]; 0.8s
rotated_surface_d5 X: 200000/200000; failures visible/hidden [26, 26]; 1.0s
rotated_surface_d5 Z: 50000/200000; failures visible/hidden [5, 5]; 0.2s
rotated_surface_d5 Z: 100000/200000; failures visible/hidden [12, 12]; 0.5s
rotated_surface_d5 Z: 150000/200000; failures visible/hidden [17, 17]; 0.8s
rotated_surface_d5 Z: 200000/200000; failures visible/hidden [21, 21]; 1.0s
rotated_surface_d7 X: 50000/50000; failures visible/hidden [4, 4]; 0.4s
rotated_surface_d7 Z: 50000/50000; failures visible/hidden [0, 0]; 0.4s
rotated_surface_d3 X: 50000/200000; failures visible/hidden [31, 31]; 0.2s
rotated_surface_d3 X: 100000/200000; failures visible/hidden [64, 64]; 0.3s
rotated_surface_d3 X: 150000/200000; failures visible/hidden [105, 105]; 0.5s
rotated_surface_d3 X: 200000/200000; failures visible/hidden [148, 148]; 0.6s
rotated_surface_d3 Z: 50000/200000; failures visible/hidden [45, 45]; 0.2s
rotated_surface_d3 Z: 100000/200000; failures visible/hidden [76, 76]; 0.3s
rotated_surface_d3 Z: 150000/200000; failures visible/hidden [110, 110]; 0.5s
rotated_surface_d3 Z: 200000/200000; failures visible/hidden [149, 149]; 0.6s
rotated_surface_d5 X: 50000/200000; failures visible/hidden [9, 9]; 0.3s
rotated_surface_d5 X: 100000/200000; failures visible/hidden [20, 20]; 0.5s
rotated_surface_d5 X: 150000/200000; failures visible/hidden [28, 28]; 0.8s
rotated_surface_d5 X: 200000/200000; failures visible/hidden [35, 35]; 1.0s
rotated_surface_d5 Z: 50000/200000; failures visible/hidden [6, 6]; 0.2s
rotated_surface_d5 Z: 100000/200000; failures visible/hidden [11, 11]; 0.5s
rotated_surface_d5 Z: 150000/200000; failures visible/hidden [21, 21]; 0.7s
rotated_surface_d5 Z: 200000/200000; failures visible/hidden [31, 31]; 1.0s
rotated_surface_d7 X: 50000/50000; failures visible/hidden [1, 1]; 0.4s
rotated_surface_d7 Z: 50000/50000; failures visible/hidden [0, 0]; 0.4s
rotated_surface_d3 X: 50000/200000; failures visible/hidden [45, 45]; 0.2s
rotated_surface_d3 X: 100000/200000; failures visible/hidden [82, 82]; 0.3s
rotated_surface_d3 X: 150000/200000; failures visible/hidden [124, 124]; 0.5s
rotated_surface_d3 X: 200000/200000; failures visible/hidden [182, 182]; 0.6s
rotated_surface_d3 Z: 50000/200000; failures visible/hidden [50, 50]; 0.2s
rotated_surface_d3 Z: 100000/200000; failures visible/hidden [91, 91]; 0.3s
rotated_surface_d3 Z: 150000/200000; failures visible/hidden [143, 143]; 0.5s
rotated_surface_d3 Z: 200000/200000; failures visible/hidden [184, 184]; 0.6s
rotated_surface_d5 X: 50000/200000; failures visible/hidden [7, 7]; 0.3s
rotated_surface_d5 X: 100000/200000; failures visible/hidden [18, 18]; 0.5s
rotated_surface_d5 X: 150000/200000; failures visible/hidden [28, 28]; 0.8s
rotated_surface_d5 X: 200000/200000; failures visible/hidden [38, 38]; 1.0s
rotated_surface_d5 Z: 50000/200000; failures visible/hidden [9, 9]; 0.3s
rotated_surface_d5 Z: 100000/200000; failures visible/hidden [23, 23]; 0.5s
rotated_surface_d5 Z: 150000/200000; failures visible/hidden [36, 36]; 0.8s
rotated_surface_d5 Z: 200000/200000; failures visible/hidden [40, 40]; 1.0s
rotated_surface_d7 X: 50000/50000; failures visible/hidden [0, 0]; 0.5s
rotated_surface_d7 Z: 50000/50000; failures visible/hidden [0, 0]; 0.4s
rotated_surface_d3 X: 50000/200000; failures visible/hidden [65, 65]; 0.2s
rotated_surface_d3 X: 100000/200000; failures visible/hidden [129, 129]; 0.3s
rotated_surface_d3 X: 150000/200000; failures visible/hidden [190, 190]; 0.5s
rotated_surface_d3 X: 200000/200000; failures visible/hidden [254, 254]; 0.6s
rotated_surface_d3 Z: 50000/200000; failures visible/hidden [54, 54]; 0.2s
rotated_surface_d3 Z: 100000/200000; failures visible/hidden [120, 120]; 0.3s
rotated_surface_d3 Z: 150000/200000; failures visible/hidden [172, 172]; 0.5s
rotated_surface_d3 Z: 200000/200000; failures visible/hidden [223, 223]; 0.6s
rotated_surface_d5 X: 50000/200000; failures visible/hidden [7, 7]; 0.3s
rotated_surface_d5 X: 100000/200000; failures visible/hidden [21, 21]; 0.5s
rotated_surface_d5 X: 150000/200000; failures visible/hidden [34, 34]; 0.8s
rotated_surface_d5 X: 200000/200000; failures visible/hidden [44, 44]; 1.1s
rotated_surface_d5 Z: 50000/200000; failures visible/hidden [13, 13]; 0.3s
rotated_surface_d5 Z: 100000/200000; failures visible/hidden [19, 19]; 0.5s
rotated_surface_d5 Z: 150000/200000; failures visible/hidden [25, 25]; 0.8s
rotated_surface_d5 Z: 200000/200000; failures visible/hidden [30, 30]; 1.0s
rotated_surface_d7 X: 50000/50000; failures visible/hidden [4, 4]; 0.5s
rotated_surface_d7 Z: 50000/50000; failures visible/hidden [3, 3]; 0.4s
rotated_surface_d3 X: 50000/200000; failures visible/hidden [130, 130]; 0.2s
rotated_surface_d3 X: 100000/200000; failures visible/hidden [241, 241]; 0.3s
rotated_surface_d3 X: 150000/200000; failures visible/hidden [356, 356]; 0.5s
rotated_surface_d3 X: 200000/200000; failures visible/hidden [489, 489]; 0.6s
rotated_surface_d3 Z: 50000/200000; failures visible/hidden [116, 116]; 0.2s
rotated_surface_d3 Z: 100000/200000; failures visible/hidden [213, 213]; 0.3s
rotated_surface_d3 Z: 150000/200000; failures visible/hidden [335, 335]; 0.5s
rotated_surface_d3 Z: 200000/200000; failures visible/hidden [437, 437]; 0.6s
rotated_surface_d5 X: 50000/200000; failures visible/hidden [34, 34]; 0.3s
rotated_surface_d5 X: 100000/200000; failures visible/hidden [67, 67]; 0.6s
rotated_surface_d5 X: 150000/200000; failures visible/hidden [101, 101]; 0.8s
rotated_surface_d5 X: 200000/200000; failures visible/hidden [136, 136]; 1.1s
rotated_surface_d5 Z: 50000/200000; failures visible/hidden [30, 30]; 0.3s
rotated_surface_d5 Z: 100000/200000; failures visible/hidden [61, 61]; 0.5s
rotated_surface_d5 Z: 150000/200000; failures visible/hidden [85, 85]; 0.8s
rotated_surface_d5 Z: 200000/200000; failures visible/hidden [115, 115]; 1.1s
rotated_surface_d7 X: 50000/50000; failures visible/hidden [7, 7]; 0.5s
rotated_surface_d7 Z: 50000/50000; failures visible/hidden [5, 5]; 0.5s
rotated_surface_d3 X: 50000/200000; failures visible/hidden [388, 388]; 0.2s
rotated_surface_d3 X: 100000/200000; failures visible/hidden [752, 752]; 0.4s
rotated_surface_d3 X: 150000/200000; failures visible/hidden [1133, 1133]; 0.5s
rotated_surface_d3 X: 200000/200000; failures visible/hidden [1496, 1496]; 0.7s
rotated_surface_d3 Z: 50000/200000; failures visible/hidden [397, 397]; 0.2s
rotated_surface_d3 Z: 100000/200000; failures visible/hidden [730, 730]; 0.4s
rotated_surface_d3 Z: 150000/200000; failures visible/hidden [1067, 1067]; 0.5s
rotated_surface_d3 Z: 200000/200000; failures visible/hidden [1410, 1410]; 0.7s
rotated_surface_d5 X: 50000/200000; failures visible/hidden [156, 156]; 0.3s
rotated_surface_d5 X: 100000/200000; failures visible/hidden [330, 330]; 0.6s
rotated_surface_d5 X: 150000/200000; failures visible/hidden [495, 495]; 0.9s
rotated_surface_d5 X: 200000/200000; failures visible/hidden [652, 652]; 1.3s
rotated_surface_d5 Z: 50000/200000; failures visible/hidden [150, 150]; 0.3s
rotated_surface_d5 Z: 100000/200000; failures visible/hidden [312, 312]; 0.6s
rotated_surface_d5 Z: 150000/200000; failures visible/hidden [457, 457]; 0.9s
rotated_surface_d5 Z: 200000/200000; failures visible/hidden [612, 612]; 1.2s
rotated_surface_d7 X: 50000/50000; failures visible/hidden [56, 56]; 0.5s
rotated_surface_d7 Z: 50000/50000; failures visible/hidden [74, 74]; 0.5s
    10/90  48s elapsed, ~385s left
rotated_surface_d3 X: 50000/200000; failures visible/hidden [39, 39]; 0.2s
rotated_surface_d3 X: 100000/200000; failures visible/hidden [87, 87]; 0.3s
rotated_surface_d3 X: 150000/200000; failures visible/hidden [137, 137]; 0.5s
rotated_surface_d3 X: 200000/200000; failures visible/hidden [185, 185]; 0.6s
rotated_surface_d3 Z: 50000/200000; failures visible/hidden [42, 42]; 0.2s
rotated_surface_d3 Z: 100000/200000; failures visible/hidden [86, 86]; 0.3s
rotated_surface_d3 Z: 150000/200000; failures visible/hidden [137, 136]; 0.5s
rotated_surface_d3 Z: 200000/200000; failures visible/hidden [181, 180]; 0.6s
rotated_surface_d5 X: 50000/200000; failures visible/hidden [6, 6]; 0.3s
rotated_surface_d5 X: 100000/200000; failures visible/hidden [12, 12]; 0.5s
rotated_surface_d5 X: 150000/200000; failures visible/hidden [16, 16]; 0.8s
rotated_surface_d5 X: 200000/200000; failures visible/hidden [26, 26]; 1.1s
rotated_surface_d5 Z: 50000/200000; failures visible/hidden [9, 9]; 0.3s
rotated_surface_d5 Z: 100000/200000; failures visible/hidden [14, 14]; 0.5s
rotated_surface_d5 Z: 150000/200000; failures visible/hidden [21, 21]; 0.8s
rotated_surface_d5 Z: 200000/200000; failures visible/hidden [25, 25]; 1.0s
rotated_surface_d7 X: 50000/50000; failures visible/hidden [0, 0]; 0.5s
rotated_surface_d7 Z: 50000/50000; failures visible/hidden [3, 3]; 0.5s
rotated_surface_d3 X: 50000/200000; failures visible/hidden [47, 47]; 0.2s
rotated_surface_d3 X: 100000/200000; failures visible/hidden [99, 99]; 0.3s
rotated_surface_d3 X: 150000/200000; failures visible/hidden [141, 142]; 0.5s
rotated_surface_d3 X: 200000/200000; failures visible/hidden [182, 183]; 0.6s
rotated_surface_d3 Z: 50000/200000; failures visible/hidden [38, 38]; 0.2s
rotated_surface_d3 Z: 100000/200000; failures visible/hidden [74, 74]; 0.3s
rotated_surface_d3 Z: 150000/200000; failures visible/hidden [99, 99]; 0.5s
rotated_surface_d3 Z: 200000/200000; failures visible/hidden [135, 135]; 0.6s
rotated_surface_d5 X: 50000/200000; failures visible/hidden [8, 7]; 0.3s
rotated_surface_d5 X: 100000/200000; failures visible/hidden [17, 16]; 0.5s
rotated_surface_d5 X: 150000/200000; failures visible/hidden [20, 19]; 0.8s
rotated_surface_d5 X: 200000/200000; failures visible/hidden [26, 25]; 1.1s
rotated_surface_d5 Z: 50000/200000; failures visible/hidden [7, 7]; 0.3s
rotated_surface_d5 Z: 100000/200000; failures visible/hidden [15, 15]; 0.5s
rotated_surface_d5 Z: 150000/200000; failures visible/hidden [22, 22]; 0.8s
rotated_surface_d5 Z: 200000/200000; failures visible/hidden [29, 29]; 1.0s
rotated_surface_d7 X: 50000/50000; failures visible/hidden [0, 0]; 0.5s
rotated_surface_d7 Z: 50000/50000; failures visible/hidden [0, 0]; 0.5s
rotated_surface_d3 X: 50000/200000; failures visible/hidden [48, 48]; 0.2s
rotated_surface_d3 X: 100000/200000; failures visible/hidden [96, 96]; 0.3s
rotated_surface_d3 X: 150000/200000; failures visible/hidden [141, 141]; 0.5s
rotated_surface_d3 X: 200000/200000; failures visible/hidden [181, 181]; 0.6s
rotated_surface_d3 Z: 50000/200000; failures visible/hidden [48, 47]; 0.2s
rotated_surface_d3 Z: 100000/200000; failures visible/hidden [84, 83]; 0.3s
rotated_surface_d3 Z: 150000/200000; failures visible/hidden [122, 121]; 0.5s
rotated_surface_d3 Z: 200000/200000; failures visible/hidden [160, 159]; 0.6s
rotated_surface_d5 X: 50000/200000; failures visible/hidden [7, 7]; 0.3s
rotated_surface_d5 X: 100000/200000; failures visible/hidden [15, 15]; 0.5s
rotated_surface_d5 X: 150000/200000; failures visible/hidden [29, 29]; 0.8s
rotated_surface_d5 X: 200000/200000; failures visible/hidden [36, 37]; 1.1s
rotated_surface_d5 Z: 50000/200000; failures visible/hidden [8, 8]; 0.3s
rotated_surface_d5 Z: 100000/200000; failures visible/hidden [18, 18]; 0.5s
rotated_surface_d5 Z: 150000/200000; failures visible/hidden [23, 23]; 0.8s
rotated_surface_d5 Z: 200000/200000; failures visible/hidden [27, 27]; 1.0s
rotated_surface_d7 X: 50000/50000; failures visible/hidden [2, 2]; 0.5s
rotated_surface_d7 Z: 50000/50000; failures visible/hidden [1, 1]; 0.5s
rotated_surface_d3 X: 50000/200000; failures visible/hidden [47, 47]; 0.2s
rotated_surface_d3 X: 100000/200000; failures visible/hidden [97, 97]; 0.3s
rotated_surface_d3 X: 150000/200000; failures visible/hidden [131, 130]; 0.5s
rotated_surface_d3 X: 200000/200000; failures visible/hidden [180, 179]; 0.6s
rotated_surface_d3 Z: 50000/200000; failures visible/hidden [36, 36]; 0.2s
rotated_surface_d3 Z: 100000/200000; failures visible/hidden [71, 72]; 0.3s
rotated_surface_d3 Z: 150000/200000; failures visible/hidden [112, 113]; 0.5s
rotated_surface_d3 Z: 200000/200000; failures visible/hidden [151, 152]; 0.6s
rotated_surface_d5 X: 50000/200000; failures visible/hidden [5, 5]; 0.3s
rotated_surface_d5 X: 100000/200000; failures visible/hidden [20, 20]; 0.5s
rotated_surface_d5 X: 150000/200000; failures visible/hidden [35, 35]; 0.8s
rotated_surface_d5 X: 200000/200000; failures visible/hidden [40, 40]; 1.1s
rotated_surface_d5 Z: 50000/200000; failures visible/hidden [9, 9]; 0.3s
rotated_surface_d5 Z: 100000/200000; failures visible/hidden [17, 17]; 0.5s
rotated_surface_d5 Z: 150000/200000; failures visible/hidden [22, 22]; 0.8s
rotated_surface_d5 Z: 200000/200000; failures visible/hidden [29, 29]; 1.0s
rotated_surface_d7 X: 50000/50000; failures visible/hidden [0, 0]; 0.5s
rotated_surface_d7 Z: 50000/50000; failures visible/hidden [2, 2]; 0.5s
rotated_surface_d3 X: 50000/200000; failures visible/hidden [42, 42]; 0.2s
rotated_surface_d3 X: 100000/200000; failures visible/hidden [81, 81]; 0.3s
rotated_surface_d3 X: 150000/200000; failures visible/hidden [141, 141]; 0.5s
rotated_surface_d3 X: 200000/200000; failures visible/hidden [184, 184]; 0.6s
rotated_surface_d3 Z: 50000/200000; failures visible/hidden [52, 52]; 0.2s
rotated_surface_d3 Z: 100000/200000; failures visible/hidden [82, 82]; 0.3s
rotated_surface_d3 Z: 150000/200000; failures visible/hidden [116, 116]; 0.5s
rotated_surface_d3 Z: 200000/200000; failures visible/hidden [156, 156]; 0.6s
rotated_surface_d5 X: 50000/200000; failures visible/hidden [9, 9]; 0.3s
rotated_surface_d5 X: 100000/200000; failures visible/hidden [13, 13]; 0.5s
rotated_surface_d5 X: 150000/200000; failures visible/hidden [21, 21]; 0.8s
rotated_surface_d5 X: 200000/200000; failures visible/hidden [35, 35]; 1.1s
rotated_surface_d5 Z: 50000/200000; failures visible/hidden [4, 4]; 0.3s
rotated_surface_d5 Z: 100000/200000; failures visible/hidden [12, 12]; 0.5s
rotated_surface_d5 Z: 150000/200000; failures visible/hidden [17, 17]; 0.8s
rotated_surface_d5 Z: 200000/200000; failures visible/hidden [20, 20]; 1.0s
rotated_surface_d7 X: 50000/50000; failures visible/hidden [1, 1]; 0.5s
rotated_surface_d7 Z: 50000/50000; failures visible/hidden [2, 2]; 0.5s
rotated_surface_d3 X: 50000/200000; failures visible/hidden [51, 51]; 0.2s
rotated_surface_d3 X: 100000/200000; failures visible/hidden [90, 90]; 0.3s
rotated_surface_d3 X: 150000/200000; failures visible/hidden [134, 134]; 0.5s
rotated_surface_d3 X: 200000/200000; failures visible/hidden [181, 181]; 0.6s
rotated_surface_d3 Z: 50000/200000; failures visible/hidden [43, 43]; 0.2s
rotated_surface_d3 Z: 100000/200000; failures visible/hidden [84, 84]; 0.3s
rotated_surface_d3 Z: 150000/200000; failures visible/hidden [115, 115]; 0.5s
rotated_surface_d3 Z: 200000/200000; failures visible/hidden [154, 154]; 0.6s
rotated_surface_d5 X: 50000/200000; failures visible/hidden [14, 14]; 0.3s
rotated_surface_d5 X: 100000/200000; failures visible/hidden [20, 20]; 0.5s
rotated_surface_d5 X: 150000/200000; failures visible/hidden [28, 28]; 0.8s
rotated_surface_d5 X: 200000/200000; failures visible/hidden [37, 37]; 1.1s
rotated_surface_d5 Z: 50000/200000; failures visible/hidden [10, 10]; 0.3s
rotated_surface_d5 Z: 100000/200000; failures visible/hidden [19, 19]; 0.5s
rotated_surface_d5 Z: 150000/200000; failures visible/hidden [24, 24]; 0.8s
rotated_surface_d5 Z: 200000/200000; failures visible/hidden [30, 30]; 1.0s
rotated_surface_d7 X: 50000/50000; failures visible/hidden [1, 1]; 0.5s
rotated_surface_d7 Z: 50000/50000; failures visible/hidden [0, 0]; 0.5s
rotated_surface_d3 X: 50000/200000; failures visible/hidden [57, 57]; 0.2s
rotated_surface_d3 X: 100000/200000; failures visible/hidden [104, 105]; 0.3s
rotated_surface_d3 X: 150000/200000; failures visible/hidden [148, 149]; 0.5s
rotated_surface_d3 X: 200000/200000; failures visible/hidden [189, 189]; 0.6s
rotated_surface_d3 Z: 50000/200000; failures visible/hidden [32, 32]; 0.2s
rotated_surface_d3 Z: 100000/200000; failures visible/hidden [59, 58]; 0.3s
rotated_surface_d3 Z: 150000/200000; failures visible/hidden [106, 107]; 0.5s
rotated_surface_d3 Z: 200000/200000; failures visible/hidden [130, 131]; 0.6s
rotated_surface_d5 X: 50000/200000; failures visible/hidden [8, 8]; 0.3s
rotated_surface_d5 X: 100000/200000; failures visible/hidden [18, 18]; 0.5s
rotated_surface_d5 X: 150000/200000; failures visible/hidden [27, 27]; 0.8s
rotated_surface_d5 X: 200000/200000; failures visible/hidden [34, 34]; 1.1s
rotated_surface_d5 Z: 50000/200000; failures visible/hidden [5, 5]; 0.3s
rotated_surface_d5 Z: 100000/200000; failures visible/hidden [11, 11]; 0.5s
rotated_surface_d5 Z: 150000/200000; failures visible/hidden [17, 17]; 0.8s
rotated_surface_d5 Z: 200000/200000; failures visible/hidden [29, 29]; 1.1s
rotated_surface_d7 X: 50000/50000; failures visible/hidden [0, 0]; 0.5s
rotated_surface_d7 Z: 50000/50000; failures visible/hidden [4, 4]; 0.5s
rotated_surface_d3 X: 50000/200000; failures visible/hidden [86, 86]; 0.2s
rotated_surface_d3 X: 100000/200000; failures visible/hidden [150, 151]; 0.3s
rotated_surface_d3 X: 150000/200000; failures visible/hidden [211, 212]; 0.5s
rotated_surface_d3 X: 200000/200000; failures visible/hidden [269, 271]; 0.6s
rotated_surface_d3 Z: 50000/200000; failures visible/hidden [60, 60]; 0.2s
rotated_surface_d3 Z: 100000/200000; failures visible/hidden [125, 125]; 0.3s
rotated_surface_d3 Z: 150000/200000; failures visible/hidden [193, 194]; 0.5s
rotated_surface_d3 Z: 200000/200000; failures visible/hidden [242, 244]; 0.6s
rotated_surface_d5 X: 50000/200000; failures visible/hidden [10, 10]; 0.3s
rotated_surface_d5 X: 100000/200000; failures visible/hidden [21, 21]; 0.6s
rotated_surface_d5 X: 150000/200000; failures visible/hidden [35, 35]; 0.8s
rotated_surface_d5 X: 200000/200000; failures visible/hidden [51, 51]; 1.1s
rotated_surface_d5 Z: 50000/200000; failures visible/hidden [7, 7]; 0.3s
rotated_surface_d5 Z: 100000/200000; failures visible/hidden [20, 20]; 0.5s
rotated_surface_d5 Z: 150000/200000; failures visible/hidden [28, 28]; 0.8s
rotated_surface_d5 Z: 200000/200000; failures visible/hidden [40, 40]; 1.1s
rotated_surface_d7 X: 50000/50000; failures visible/hidden [0, 0]; 0.5s
rotated_surface_d7 Z: 50000/50000; failures visible/hidden [2, 2]; 0.5s
rotated_surface_d3 X: 50000/200000; failures visible/hidden [128, 128]; 0.2s
rotated_surface_d3 X: 100000/200000; failures visible/hidden [235, 235]; 0.3s
rotated_surface_d3 X: 150000/200000; failures visible/hidden [344, 344]; 0.5s
rotated_surface_d3 X: 200000/200000; failures visible/hidden [468, 468]; 0.7s
rotated_surface_d3 Z: 50000/200000; failures visible/hidden [112, 112]; 0.2s
rotated_surface_d3 Z: 100000/200000; failures visible/hidden [224, 224]; 0.3s
rotated_surface_d3 Z: 150000/200000; failures visible/hidden [331, 331]; 0.5s
rotated_surface_d3 Z: 200000/200000; failures visible/hidden [427, 427]; 0.7s
rotated_surface_d5 X: 50000/200000; failures visible/hidden [28, 28]; 0.3s
rotated_surface_d5 X: 100000/200000; failures visible/hidden [68, 68]; 0.6s
rotated_surface_d5 X: 150000/200000; failures visible/hidden [106, 106]; 0.9s
rotated_surface_d5 X: 200000/200000; failures visible/hidden [136, 136]; 1.2s
rotated_surface_d5 Z: 50000/200000; failures visible/hidden [27, 27]; 0.3s
rotated_surface_d5 Z: 100000/200000; failures visible/hidden [47, 47]; 0.6s
rotated_surface_d5 Z: 150000/200000; failures visible/hidden [72, 72]; 0.8s
rotated_surface_d5 Z: 200000/200000; failures visible/hidden [105, 105]; 1.1s
rotated_surface_d7 X: 50000/50000; failures visible/hidden [6, 6]; 0.5s
rotated_surface_d7 Z: 50000/50000; failures visible/hidden [4, 4]; 0.5s
rotated_surface_d3 X: 50000/200000; failures visible/hidden [404, 404]; 0.2s
rotated_surface_d3 X: 100000/200000; failures visible/hidden [777, 777]; 0.4s
rotated_surface_d3 X: 150000/200000; failures visible/hidden [1174, 1174]; 0.5s
rotated_surface_d3 X: 200000/200000; failures visible/hidden [1563, 1563]; 0.7s
rotated_surface_d3 Z: 50000/200000; failures visible/hidden [337, 337]; 0.2s
rotated_surface_d3 Z: 100000/200000; failures visible/hidden [649, 650]; 0.4s
rotated_surface_d3 Z: 150000/200000; failures visible/hidden [997, 999]; 0.5s
rotated_surface_d3 Z: 200000/200000; failures visible/hidden [1351, 1353]; 0.7s
rotated_surface_d5 X: 50000/200000; failures visible/hidden [173, 173]; 0.3s
rotated_surface_d5 X: 100000/200000; failures visible/hidden [345, 345]; 0.6s
rotated_surface_d5 X: 150000/200000; failures visible/hidden [503, 503]; 1.0s
rotated_surface_d5 X: 200000/200000; failures visible/hidden [691, 690]; 1.3s
rotated_surface_d5 Z: 50000/200000; failures visible/hidden [160, 160]; 0.3s
rotated_surface_d5 Z: 100000/200000; failures visible/hidden [310, 310]; 0.6s
rotated_surface_d5 Z: 150000/200000; failures visible/hidden [476, 476]; 1.0s
rotated_surface_d5 Z: 200000/200000; failures visible/hidden [644, 644]; 1.3s
rotated_surface_d7 X: 50000/50000; failures visible/hidden [71, 71]; 0.6s
rotated_surface_d7 Z: 50000/50000; failures visible/hidden [52, 52]; 0.6s
    20/90  99s elapsed, ~346s left
rotated_surface_d3 X: 50000/200000; failures visible/hidden [41, 42]; 0.2s
rotated_surface_d3 X: 100000/200000; failures visible/hidden [87, 88]; 0.3s
rotated_surface_d3 X: 150000/200000; failures visible/hidden [133, 134]; 0.5s
rotated_surface_d3 X: 200000/200000; failures visible/hidden [165, 166]; 0.7s
rotated_surface_d3 Z: 50000/200000; failures visible/hidden [32, 32]; 0.2s
rotated_surface_d3 Z: 100000/200000; failures visible/hidden [62, 63]; 0.3s
rotated_surface_d3 Z: 150000/200000; failures visible/hidden [103, 104]; 0.5s
rotated_surface_d3 Z: 200000/200000; failures visible/hidden [140, 141]; 0.6s
rotated_surface_d5 X: 50000/200000; failures visible/hidden [14, 15]; 0.3s
rotated_surface_d5 X: 100000/200000; failures visible/hidden [18, 19]; 0.5s
rotated_surface_d5 X: 150000/200000; failures visible/hidden [22, 23]; 0.8s
rotated_surface_d5 X: 200000/200000; failures visible/hidden [27, 28]; 1.1s
rotated_surface_d5 Z: 50000/200000; failures visible/hidden [6, 6]; 0.3s
rotated_surface_d5 Z: 100000/200000; failures visible/hidden [12, 12]; 0.5s
rotated_surface_d5 Z: 150000/200000; failures visible/hidden [19, 19]; 0.8s
rotated_surface_d5 Z: 200000/200000; failures visible/hidden [25, 25]; 1.0s
rotated_surface_d7 X: 50000/50000; failures visible/hidden [1, 1]; 0.5s
rotated_surface_d7 Z: 50000/50000; failures visible/hidden [1, 1]; 0.5s
rotated_surface_d3 X: 50000/200000; failures visible/hidden [36, 37]; 0.2s
rotated_surface_d3 X: 100000/200000; failures visible/hidden [83, 84]; 0.3s
rotated_surface_d3 X: 150000/200000; failures visible/hidden [126, 127]; 0.5s
rotated_surface_d3 X: 200000/200000; failures visible/hidden [162, 164]; 0.6s
rotated_surface_d3 Z: 50000/200000; failures visible/hidden [27, 27]; 0.2s
rotated_surface_d3 Z: 100000/200000; failures visible/hidden [70, 68]; 0.4s
rotated_surface_d3 Z: 150000/200000; failures visible/hidden [109, 107]; 0.5s
rotated_surface_d3 Z: 200000/200000; failures visible/hidden [143, 141]; 0.7s
rotated_surface_d5 X: 50000/200000; failures visible/hidden [8, 8]; 0.3s
rotated_surface_d5 X: 100000/200000; failures visible/hidden [16, 16]; 0.6s
rotated_surface_d5 X: 150000/200000; failures visible/hidden [23, 23]; 0.8s
rotated_surface_d5 X: 200000/200000; failures visible/hidden [30, 30]; 1.1s
rotated_surface_d5 Z: 50000/200000; failures visible/hidden [7, 7]; 0.3s
rotated_surface_d5 Z: 100000/200000; failures visible/hidden [24, 23]; 0.5s
rotated_surface_d5 Z: 150000/200000; failures visible/hidden [32, 31]; 0.8s
rotated_surface_d5 Z: 200000/200000; failures visible/hidden [37, 36]; 1.0s
rotated_surface_d7 X: 50000/50000; failures visible/hidden [2, 2]; 0.5s
rotated_surface_d7 Z: 50000/50000; failures visible/hidden [1, 1]; 0.5s
rotated_surface_d3 X: 50000/200000; failures visible/hidden [44, 44]; 0.2s
rotated_surface_d3 X: 100000/200000; failures visible/hidden [85, 85]; 0.3s
rotated_surface_d3 X: 150000/200000; failures visible/hidden [129, 131]; 0.5s
rotated_surface_d3 X: 200000/200000; failures visible/hidden [180, 182]; 0.6s
rotated_surface_d3 Z: 50000/200000; failures visible/hidden [50, 50]; 0.2s
rotated_surface_d3 Z: 100000/200000; failures visible/hidden [95, 95]; 0.3s
rotated_surface_d3 Z: 150000/200000; failures visible/hidden [133, 135]; 0.5s
rotated_surface_d3 Z: 200000/200000; failures visible/hidden [174, 176]; 0.6s
rotated_surface_d5 X: 50000/200000; failures visible/hidden [7, 6]; 0.3s
rotated_surface_d5 X: 100000/200000; failures visible/hidden [12, 11]; 0.6s
rotated_surface_d5 X: 150000/200000; failures visible/hidden [16, 15]; 0.8s
rotated_surface_d5 X: 200000/200000; failures visible/hidden [23, 22]; 1.1s
rotated_surface_d5 Z: 50000/200000; failures visible/hidden [7, 7]; 0.3s
rotated_surface_d5 Z: 100000/200000; failures visible/hidden [16, 16]; 0.5s
rotated_surface_d5 Z: 150000/200000; failures visible/hidden [25, 25]; 0.8s
rotated_surface_d5 Z: 200000/200000; failures visible/hidden [28, 28]; 1.0s
rotated_surface_d7 X: 50000/50000; failures visible/hidden [1, 1]; 0.5s
rotated_surface_d7 Z: 50000/50000; failures visible/hidden [1, 1]; 0.5s
rotated_surface_d3 X: 50000/200000; failures visible/hidden [44, 44]; 0.2s
rotated_surface_d3 X: 100000/200000; failures visible/hidden [84, 85]; 0.3s
rotated_surface_d3 X: 150000/200000; failures visible/hidden [130, 130]; 0.5s
rotated_surface_d3 X: 200000/200000; failures visible/hidden [181, 181]; 0.7s
rotated_surface_d3 Z: 50000/200000; failures visible/hidden [36, 36]; 0.2s
rotated_surface_d3 Z: 100000/200000; failures visible/hidden [79, 79]; 0.3s
rotated_surface_d3 Z: 150000/200000; failures visible/hidden [126, 126]; 0.5s
rotated_surface_d3 Z: 200000/200000; failures visible/hidden [167, 167]; 0.6s
rotated_surface_d5 X: 50000/200000; failures visible/hidden [4, 4]; 0.3s
rotated_surface_d5 X: 100000/200000; failures visible/hidden [9, 10]; 0.5s
rotated_surface_d5 X: 150000/200000; failures visible/hidden [16, 16]; 0.8s
rotated_surface_d5 X: 200000/200000; failures visible/hidden [25, 25]; 1.1s
rotated_surface_d5 Z: 50000/200000; failures visible/hidden [9, 9]; 0.3s
rotated_surface_d5 Z: 100000/200000; failures visible/hidden [24, 24]; 0.5s
rotated_surface_d5 Z: 150000/200000; failures visible/hidden [27, 27]; 0.8s
rotated_surface_d5 Z: 200000/200000; failures visible/hidden [31, 31]; 1.0s
rotated_surface_d7 X: 50000/50000; failures visible/hidden [2, 2]; 0.5s
rotated_surface_d7 Z: 50000/50000; failures visible/hidden [1, 1]; 0.5s
rotated_surface_d3 X: 50000/200000; failures visible/hidden [34, 35]; 0.2s
rotated_surface_d3 X: 100000/200000; failures visible/hidden [76, 77]; 0.3s
rotated_surface_d3 X: 150000/200000; failures visible/hidden [124, 127]; 0.5s
rotated_surface_d3 X: 200000/200000; failures visible/hidden [159, 162]; 0.6s
rotated_surface_d3 Z: 50000/200000; failures visible/hidden [49, 49]; 0.2s
rotated_surface_d3 Z: 100000/200000; failures visible/hidden [75, 75]; 0.3s
rotated_surface_d3 Z: 150000/200000; failures visible/hidden [117, 117]; 0.5s
rotated_surface_d3 Z: 200000/200000; failures visible/hidden [153, 153]; 0.6s
rotated_surface_d5 X: 50000/200000; failures visible/hidden [9, 9]; 0.3s
rotated_surface_d5 X: 100000/200000; failures visible/hidden [16, 15]; 0.5s
rotated_surface_d5 X: 150000/200000; failures visible/hidden [24, 23]; 0.8s
rotated_surface_d5 X: 200000/200000; failures visible/hidden [34, 35]; 1.1s
rotated_surface_d5 Z: 50000/200000; failures visible/hidden [10, 10]; 0.3s
rotated_surface_d5 Z: 100000/200000; failures visible/hidden [16, 16]; 0.5s
rotated_surface_d5 Z: 150000/200000; failures visible/hidden [24, 24]; 0.8s
rotated_surface_d5 Z: 200000/200000; failures visible/hidden [33, 33]; 1.0s
rotated_surface_d7 X: 50000/50000; failures visible/hidden [0, 0]; 0.5s
rotated_surface_d7 Z: 50000/50000; failures visible/hidden [1, 1]; 0.5s
rotated_surface_d3 X: 50000/200000; failures visible/hidden [51, 52]; 0.2s
rotated_surface_d3 X: 100000/200000; failures visible/hidden [96, 99]; 0.3s
rotated_surface_d3 X: 150000/200000; failures visible/hidden [142, 146]; 0.5s
rotated_surface_d3 X: 200000/200000; failures visible/hidden [187, 192]; 0.7s
rotated_surface_d3 Z: 50000/200000; failures visible/hidden [38, 38]; 0.2s
rotated_surface_d3 Z: 100000/200000; failures visible/hidden [86, 87]; 0.3s
rotated_surface_d3 Z: 150000/200000; failures visible/hidden [128, 129]; 0.5s
rotated_surface_d3 Z: 200000/200000; failures visible/hidden [159, 159]; 0.6s
rotated_surface_d5 X: 50000/200000; failures visible/hidden [7, 8]; 0.3s
rotated_surface_d5 X: 100000/200000; failures visible/hidden [7, 8]; 0.6s
rotated_surface_d5 X: 150000/200000; failures visible/hidden [15, 17]; 0.8s
rotated_surface_d5 X: 200000/200000; failures visible/hidden [24, 26]; 1.1s
rotated_surface_d5 Z: 50000/200000; failures visible/hidden [5, 5]; 0.3s
rotated_surface_d5 Z: 100000/200000; failures visible/hidden [9, 9]; 0.5s
rotated_surface_d5 Z: 150000/200000; failures visible/hidden [17, 17]; 0.8s
rotated_surface_d5 Z: 200000/200000; failures visible/hidden [27, 27]; 1.0s
rotated_surface_d7 X: 50000/50000; failures visible/hidden [4, 4]; 0.5s
rotated_surface_d7 Z: 50000/50000; failures visible/hidden [2, 2]; 0.5s
rotated_surface_d3 X: 50000/200000; failures visible/hidden [50, 49]; 0.2s
rotated_surface_d3 X: 100000/200000; failures visible/hidden [95, 95]; 0.3s
rotated_surface_d3 X: 150000/200000; failures visible/hidden [154, 154]; 0.5s
rotated_surface_d3 X: 200000/200000; failures visible/hidden [205, 206]; 0.6s
rotated_surface_d3 Z: 50000/200000; failures visible/hidden [29, 29]; 0.2s
rotated_surface_d3 Z: 100000/200000; failures visible/hidden [72, 72]; 0.3s
rotated_surface_d3 Z: 150000/200000; failures visible/hidden [126, 128]; 0.5s
rotated_surface_d3 Z: 200000/200000; failures visible/hidden [167, 170]; 0.7s
rotated_surface_d5 X: 50000/200000; failures visible/hidden [11, 11]; 0.3s
rotated_surface_d5 X: 100000/200000; failures visible/hidden [19, 19]; 0.6s
rotated_surface_d5 X: 150000/200000; failures visible/hidden [26, 26]; 0.8s
rotated_surface_d5 X: 200000/200000; failures visible/hidden [37, 37]; 1.1s
rotated_surface_d5 Z: 50000/200000; failures visible/hidden [7, 7]; 0.3s
rotated_surface_d5 Z: 100000/200000; failures visible/hidden [12, 12]; 0.5s
rotated_surface_d5 Z: 150000/200000; failures visible/hidden [21, 22]; 0.8s
rotated_surface_d5 Z: 200000/200000; failures visible/hidden [29, 31]; 1.0s
rotated_surface_d7 X: 50000/50000; failures visible/hidden [0, 0]; 0.5s
rotated_surface_d7 Z: 50000/50000; failures visible/hidden [0, 0]; 0.5s
rotated_surface_d3 X: 50000/200000; failures visible/hidden [76, 76]; 0.2s
rotated_surface_d3 X: 100000/200000; failures visible/hidden [142, 142]; 0.3s
rotated_surface_d3 X: 150000/200000; failures visible/hidden [221, 221]; 0.5s
rotated_surface_d3 X: 200000/200000; failures visible/hidden [294, 294]; 0.6s
rotated_surface_d3 Z: 50000/200000; failures visible/hidden [66, 66]; 0.2s
rotated_surface_d3 Z: 100000/200000; failures visible/hidden [145, 144]; 0.3s
rotated_surface_d3 Z: 150000/200000; failures visible/hidden [197, 197]; 0.5s
rotated_surface_d3 Z: 200000/200000; failures visible/hidden [257, 257]; 0.6s
rotated_surface_d5 X: 50000/200000; failures visible/hidden [15, 15]; 0.3s
rotated_surface_d5 X: 100000/200000; failures visible/hidden [36, 36]; 0.6s
rotated_surface_d5 X: 150000/200000; failures visible/hidden [44, 44]; 0.8s
rotated_surface_d5 X: 200000/200000; failures visible/hidden [52, 52]; 1.1s
rotated_surface_d5 Z: 50000/200000; failures visible/hidden [15, 15]; 0.3s
rotated_surface_d5 Z: 100000/200000; failures visible/hidden [28, 28]; 0.5s
rotated_surface_d5 Z: 150000/200000; failures visible/hidden [36, 36]; 0.8s
rotated_surface_d5 Z: 200000/200000; failures visible/hidden [49, 50]; 1.1s
rotated_surface_d7 X: 50000/50000; failures visible/hidden [3, 3]; 0.6s
rotated_surface_d7 Z: 50000/50000; failures visible/hidden [2, 2]; 0.5s
rotated_surface_d3 X: 50000/200000; failures visible/hidden [125, 125]; 0.2s
rotated_surface_d3 X: 100000/200000; failures visible/hidden [235, 235]; 0.3s
rotated_surface_d3 X: 150000/200000; failures visible/hidden [348, 349]; 0.5s
rotated_surface_d3 X: 200000/200000; failures visible/hidden [463, 464]; 0.7s
rotated_surface_d3 Z: 50000/200000; failures visible/hidden [111, 111]; 0.2s
rotated_surface_d3 Z: 100000/200000; failures visible/hidden [216, 217]; 0.3s
rotated_surface_d3 Z: 150000/200000; failures visible/hidden [318, 319]; 0.5s
rotated_surface_d3 Z: 200000/200000; failures visible/hidden [422, 425]; 0.7s
rotated_surface_d5 X: 50000/200000; failures visible/hidden [31, 33]; 0.3s
rotated_surface_d5 X: 100000/200000; failures visible/hidden [63, 65]; 0.6s
rotated_surface_d5 X: 150000/200000; failures visible/hidden [92, 94]; 0.9s
rotated_surface_d5 X: 200000/200000; failures visible/hidden [127, 130]; 1.2s
rotated_surface_d5 Z: 50000/200000; failures visible/hidden [34, 34]; 0.3s
rotated_surface_d5 Z: 100000/200000; failures visible/hidden [58, 58]; 0.6s
rotated_surface_d5 Z: 150000/200000; failures visible/hidden [79, 79]; 0.9s
rotated_surface_d5 Z: 200000/200000; failures visible/hidden [108, 108]; 1.1s
rotated_surface_d7 X: 50000/50000; failures visible/hidden [11, 11]; 0.6s
rotated_surface_d7 Z: 50000/50000; failures visible/hidden [5, 5]; 0.6s
rotated_surface_d3 X: 50000/200000; failures visible/hidden [362, 362]; 0.2s
rotated_surface_d3 X: 100000/200000; failures visible/hidden [771, 772]; 0.4s
rotated_surface_d3 X: 150000/200000; failures visible/hidden [1146, 1147]; 0.5s
rotated_surface_d3 X: 200000/200000; failures visible/hidden [1528, 1530]; 0.7s
rotated_surface_d3 Z: 50000/200000; failures visible/hidden [345, 344]; 0.2s
rotated_surface_d3 Z: 100000/200000; failures visible/hidden [680, 680]; 0.3s
rotated_surface_d3 Z: 150000/200000; failures visible/hidden [1023, 1024]; 0.5s
rotated_surface_d3 Z: 200000/200000; failures visible/hidden [1358, 1360]; 0.7s
rotated_surface_d5 X: 50000/200000; failures visible/hidden [161, 161]; 0.3s
rotated_surface_d5 X: 100000/200000; failures visible/hidden [321, 321]; 0.6s
rotated_surface_d5 X: 150000/200000; failures visible/hidden [485, 486]; 1.0s
rotated_surface_d5 X: 200000/200000; failures visible/hidden [691, 692]; 1.3s
rotated_surface_d5 Z: 50000/200000; failures visible/hidden [150, 150]; 0.3s
rotated_surface_d5 Z: 100000/200000; failures visible/hidden [310, 311]; 0.6s
rotated_surface_d5 Z: 150000/200000; failures visible/hidden [493, 495]; 0.9s
rotated_surface_d5 Z: 200000/200000; failures visible/hidden [661, 664]; 1.3s
rotated_surface_d7 X: 50000/50000; failures visible/hidden [71, 71]; 0.6s
rotated_surface_d7 Z: 50000/50000; failures visible/hidden [60, 60]; 0.6s
    30/90  151s elapsed, ~302s left
rotated_surface_d3 X: 50000/200000; failures visible/hidden [38, 41]; 0.2s
rotated_surface_d3 X: 100000/200000; failures visible/hidden [78, 81]; 0.3s
rotated_surface_d3 X: 150000/200000; failures visible/hidden [117, 120]; 0.5s
rotated_surface_d3 X: 200000/200000; failures visible/hidden [159, 163]; 0.6s
rotated_surface_d3 Z: 50000/200000; failures visible/hidden [42, 43]; 0.2s
rotated_surface_d3 Z: 100000/200000; failures visible/hidden [80, 82]; 0.3s
rotated_surface_d3 Z: 150000/200000; failures visible/hidden [116, 118]; 0.5s
rotated_surface_d3 Z: 200000/200000; failures visible/hidden [159, 159]; 0.6s
rotated_surface_d5 X: 50000/200000; failures visible/hidden [6, 6]; 0.3s
rotated_surface_d5 X: 100000/200000; failures visible/hidden [16, 15]; 0.6s
rotated_surface_d5 X: 150000/200000; failures visible/hidden [26, 25]; 0.8s
rotated_surface_d5 X: 200000/200000; failures visible/hidden [33, 32]; 1.1s
rotated_surface_d5 Z: 50000/200000; failures visible/hidden [6, 6]; 0.3s
rotated_surface_d5 Z: 100000/200000; failures visible/hidden [15, 15]; 0.5s
rotated_surface_d5 Z: 150000/200000; failures visible/hidden [20, 20]; 0.8s
rotated_surface_d5 Z: 200000/200000; failures visible/hidden [25, 25]; 1.0s
rotated_surface_d7 X: 50000/50000; failures visible/hidden [0, 0]; 0.6s
rotated_surface_d7 Z: 50000/50000; failures visible/hidden [0, 0]; 0.6s
rotated_surface_d3 X: 50000/200000; failures visible/hidden [30, 32]; 0.2s
rotated_surface_d3 X: 100000/200000; failures visible/hidden [66, 68]; 0.3s
rotated_surface_d3 X: 150000/200000; failures visible/hidden [112, 116]; 0.5s
rotated_surface_d3 X: 200000/200000; failures visible/hidden [154, 158]; 0.6s
rotated_surface_d3 Z: 50000/200000; failures visible/hidden [41, 41]; 0.2s
rotated_surface_d3 Z: 100000/200000; failures visible/hidden [85, 86]; 0.3s
rotated_surface_d3 Z: 150000/200000; failures visible/hidden [122, 123]; 0.5s
rotated_surface_d3 Z: 200000/200000; failures visible/hidden [156, 161]; 0.6s
rotated_surface_d5 X: 50000/200000; failures visible/hidden [4, 5]; 0.3s
rotated_surface_d5 X: 100000/200000; failures visible/hidden [10, 11]; 0.6s
rotated_surface_d5 X: 150000/200000; failures visible/hidden [19, 20]; 0.8s
rotated_surface_d5 X: 200000/200000; failures visible/hidden [27, 28]; 1.1s
rotated_surface_d5 Z: 50000/200000; failures visible/hidden [4, 4]; 0.3s
rotated_surface_d5 Z: 100000/200000; failures visible/hidden [12, 13]; 0.5s
rotated_surface_d5 Z: 150000/200000; failures visible/hidden [16, 17]; 0.8s
rotated_surface_d5 Z: 200000/200000; failures visible/hidden [20, 21]; 1.0s
rotated_surface_d7 X: 50000/50000; failures visible/hidden [1, 1]; 0.6s
rotated_surface_d7 Z: 50000/50000; failures visible/hidden [1, 1]; 0.6s
rotated_surface_d3 X: 50000/200000; failures visible/hidden [41, 42]; 0.2s
rotated_surface_d3 X: 100000/200000; failures visible/hidden [86, 86]; 0.3s
rotated_surface_d3 X: 150000/200000; failures visible/hidden [134, 136]; 0.5s
rotated_surface_d3 X: 200000/200000; failures visible/hidden [176, 180]; 0.7s
rotated_surface_d3 Z: 50000/200000; failures visible/hidden [44, 48]; 0.2s
rotated_surface_d3 Z: 100000/200000; failures visible/hidden [87, 94]; 0.3s
rotated_surface_d3 Z: 150000/200000; failures visible/hidden [125, 135]; 0.5s
rotated_surface_d3 Z: 200000/200000; failures visible/hidden [162, 172]; 0.6s
rotated_surface_d5 X: 50000/200000; failures visible/hidden [7, 7]; 0.3s
rotated_surface_d5 X: 100000/200000; failures visible/hidden [16, 16]; 0.6s
rotated_surface_d5 X: 150000/200000; failures visible/hidden [23, 26]; 0.8s
rotated_surface_d5 X: 200000/200000; failures visible/hidden [28, 31]; 1.1s
rotated_surface_d5 Z: 50000/200000; failures visible/hidden [12, 12]; 0.3s
rotated_surface_d5 Z: 100000/200000; failures visible/hidden [17, 17]; 0.5s
rotated_surface_d5 Z: 150000/200000; failures visible/hidden [29, 29]; 0.8s
rotated_surface_d5 Z: 200000/200000; failures visible/hidden [34, 33]; 1.1s
rotated_surface_d7 X: 50000/50000; failures visible/hidden [3, 3]; 0.6s
rotated_surface_d7 Z: 50000/50000; failures visible/hidden [1, 2]; 0.6s
rotated_surface_d3 X: 50000/200000; failures visible/hidden [49, 50]; 0.2s
rotated_surface_d3 X: 100000/200000; failures visible/hidden [96, 98]; 0.3s
rotated_surface_d3 X: 150000/200000; failures visible/hidden [141, 147]; 0.5s
rotated_surface_d3 X: 200000/200000; failures visible/hidden [198, 205]; 0.6s
rotated_surface_d3 Z: 50000/200000; failures visible/hidden [37, 39]; 0.2s
rotated_surface_d3 Z: 100000/200000; failures visible/hidden [75, 80]; 0.3s
rotated_surface_d3 Z: 150000/200000; failures visible/hidden [112, 118]; 0.5s
rotated_surface_d3 Z: 200000/200000; failures visible/hidden [148, 154]; 0.6s
rotated_surface_d5 X: 50000/200000; failures visible/hidden [11, 11]; 0.3s
rotated_surface_d5 X: 100000/200000; failures visible/hidden [16, 16]; 0.6s
rotated_surface_d5 X: 150000/200000; failures visible/hidden [21, 21]; 0.8s
rotated_surface_d5 X: 200000/200000; failures visible/hidden [29, 29]; 1.1s
rotated_surface_d5 Z: 50000/200000; failures visible/hidden [7, 9]; 0.3s
rotated_surface_d5 Z: 100000/200000; failures visible/hidden [9, 13]; 0.5s
rotated_surface_d5 Z: 150000/200000; failures visible/hidden [15, 20]; 0.8s
rotated_surface_d5 Z: 200000/200000; failures visible/hidden [19, 25]; 1.1s
rotated_surface_d7 X: 50000/50000; failures visible/hidden [1, 1]; 0.6s
rotated_surface_d7 Z: 50000/50000; failures visible/hidden [1, 1]; 0.6s
rotated_surface_d3 X: 50000/200000; failures visible/hidden [49, 51]; 0.2s
rotated_surface_d3 X: 100000/200000; failures visible/hidden [90, 92]; 0.3s
rotated_surface_d3 X: 150000/200000; failures visible/hidden [131, 133]; 0.5s
rotated_surface_d3 X: 200000/200000; failures visible/hidden [175, 180]; 0.6s
rotated_surface_d3 Z: 50000/200000; failures visible/hidden [46, 46]; 0.2s
rotated_surface_d3 Z: 100000/200000; failures visible/hidden [93, 92]; 0.3s
rotated_surface_d3 Z: 150000/200000; failures visible/hidden [124, 123]; 0.5s
rotated_surface_d3 Z: 200000/200000; failures visible/hidden [154, 153]; 0.6s
rotated_surface_d5 X: 50000/200000; failures visible/hidden [5, 5]; 0.3s
rotated_surface_d5 X: 100000/200000; failures visible/hidden [13, 13]; 0.6s
rotated_surface_d5 X: 150000/200000; failures visible/hidden [21, 22]; 0.8s
rotated_surface_d5 X: 200000/200000; failures visible/hidden [29, 32]; 1.1s
rotated_surface_d5 Z: 50000/200000; failures visible/hidden [5, 5]; 0.3s
rotated_surface_d5 Z: 100000/200000; failures visible/hidden [12, 12]; 0.5s
rotated_surface_d5 Z: 150000/200000; failures visible/hidden [18, 18]; 0.8s
rotated_surface_d5 Z: 200000/200000; failures visible/hidden [24, 25]; 1.1s
rotated_surface_d7 X: 50000/50000; failures visible/hidden [1, 0]; 0.6s
rotated_surface_d7 Z: 50000/50000; failures visible/hidden [1, 1]; 0.6s
rotated_surface_d3 X: 50000/200000; failures visible/hidden [35, 36]; 0.2s
rotated_surface_d3 X: 100000/200000; failures visible/hidden [82, 86]; 0.3s
rotated_surface_d3 X: 150000/200000; failures visible/hidden [124, 129]; 0.5s
rotated_surface_d3 X: 200000/200000; failures visible/hidden [174, 179]; 0.7s
rotated_surface_d3 Z: 50000/200000; failures visible/hidden [46, 47]; 0.2s
rotated_surface_d3 Z: 100000/200000; failures visible/hidden [108, 110]; 0.3s
rotated_surface_d3 Z: 150000/200000; failures visible/hidden [150, 152]; 0.5s
rotated_surface_d3 Z: 200000/200000; failures visible/hidden [205, 207]; 0.7s
rotated_surface_d5 X: 50000/200000; failures visible/hidden [5, 5]; 0.3s
rotated_surface_d5 X: 100000/200000; failures visible/hidden [12, 12]; 0.6s
rotated_surface_d5 X: 150000/200000; failures visible/hidden [19, 19]; 0.8s
rotated_surface_d5 X: 200000/200000; failures visible/hidden [32, 31]; 1.1s
rotated_surface_d5 Z: 50000/200000; failures visible/hidden [6, 6]; 0.3s
rotated_surface_d5 Z: 100000/200000; failures visible/hidden [12, 13]; 0.5s
rotated_surface_d5 Z: 150000/200000; failures visible/hidden [12, 13]; 0.8s
rotated_surface_d5 Z: 200000/200000; failures visible/hidden [17, 18]; 1.1s
rotated_surface_d7 X: 50000/50000; failures visible/hidden [0, 0]; 0.6s
rotated_surface_d7 Z: 50000/50000; failures visible/hidden [2, 2]; 0.6s
rotated_surface_d3 X: 50000/200000; failures visible/hidden [34, 34]; 0.2s
rotated_surface_d3 X: 100000/200000; failures visible/hidden [83, 83]; 0.3s
rotated_surface_d3 X: 150000/200000; failures visible/hidden [129, 131]; 0.5s
rotated_surface_d3 X: 200000/200000; failures visible/hidden [177, 180]; 0.7s
rotated_surface_d3 Z: 50000/200000; failures visible/hidden [50, 53]; 0.2s
rotated_surface_d3 Z: 100000/200000; failures visible/hidden [98, 100]; 0.3s
rotated_surface_d3 Z: 150000/200000; failures visible/hidden [143, 144]; 0.5s
rotated_surface_d3 Z: 200000/200000; failures visible/hidden [200, 200]; 0.7s
rotated_surface_d5 X: 50000/200000; failures visible/hidden [7, 8]; 0.3s
rotated_surface_d5 X: 100000/200000; failures visible/hidden [14, 15]; 0.6s
rotated_surface_d5 X: 150000/200000; failures visible/hidden [29, 29]; 0.8s
rotated_surface_d5 X: 200000/200000; failures visible/hidden [43, 43]; 1.1s
rotated_surface_d5 Z: 50000/200000; failures visible/hidden [6, 7]; 0.3s
rotated_surface_d5 Z: 100000/200000; failures visible/hidden [16, 16]; 0.5s
rotated_surface_d5 Z: 150000/200000; failures visible/hidden [26, 26]; 0.8s
rotated_surface_d5 Z: 200000/200000; failures visible/hidden [38, 38]; 1.1s
rotated_surface_d7 X: 50000/50000; failures visible/hidden [0, 0]; 0.6s
rotated_surface_d7 Z: 50000/50000; failures visible/hidden [0, 0]; 0.6s
rotated_surface_d3 X: 50000/200000; failures visible/hidden [68, 69]; 0.2s
rotated_surface_d3 X: 100000/200000; failures visible/hidden [139, 141]; 0.3s
rotated_surface_d3 X: 150000/200000; failures visible/hidden [200, 204]; 0.5s
rotated_surface_d3 X: 200000/200000; failures visible/hidden [260, 265]; 0.7s
rotated_surface_d3 Z: 50000/200000; failures visible/hidden [67, 67]; 0.2s
rotated_surface_d3 Z: 100000/200000; failures visible/hidden [130, 131]; 0.3s
rotated_surface_d3 Z: 150000/200000; failures visible/hidden [188, 190]; 0.5s
rotated_surface_d3 Z: 200000/200000; failures visible/hidden [249, 253]; 0.6s
rotated_surface_d5 X: 50000/200000; failures visible/hidden [10, 10]; 0.3s
rotated_surface_d5 X: 100000/200000; failures visible/hidden [24, 24]; 0.6s
rotated_surface_d5 X: 150000/200000; failures visible/hidden [34, 34]; 0.8s
rotated_surface_d5 X: 200000/200000; failures visible/hidden [51, 51]; 1.1s
rotated_surface_d5 Z: 50000/200000; failures visible/hidden [8, 8]; 0.3s
rotated_surface_d5 Z: 100000/200000; failures visible/hidden [16, 17]; 0.5s
rotated_surface_d5 Z: 150000/200000; failures visible/hidden [31, 32]; 0.8s
rotated_surface_d5 Z: 200000/200000; failures visible/hidden [41, 42]; 1.1s
rotated_surface_d7 X: 50000/50000; failures visible/hidden [1, 1]; 0.6s
rotated_surface_d7 Z: 50000/50000; failures visible/hidden [3, 4]; 0.6s
rotated_surface_d3 X: 50000/200000; failures visible/hidden [118, 120]; 0.2s
rotated_surface_d3 X: 100000/200000; failures visible/hidden [245, 248]; 0.3s
rotated_surface_d3 X: 150000/200000; failures visible/hidden [354, 358]; 0.5s
rotated_surface_d3 X: 200000/200000; failures visible/hidden [467, 472]; 0.7s
rotated_surface_d3 Z: 50000/200000; failures visible/hidden [97, 99]; 0.2s
rotated_surface_d3 Z: 100000/200000; failures visible/hidden [212, 217]; 0.3s
rotated_surface_d3 Z: 150000/200000; failures visible/hidden [315, 322]; 0.5s
rotated_surface_d3 Z: 200000/200000; failures visible/hidden [447, 455]; 0.7s
rotated_surface_d5 X: 50000/200000; failures visible/hidden [27, 29]; 0.3s
rotated_surface_d5 X: 100000/200000; failures visible/hidden [65, 70]; 0.6s
rotated_surface_d5 X: 150000/200000; failures visible/hidden [99, 105]; 0.9s
rotated_surface_d5 X: 200000/200000; failures visible/hidden [147, 154]; 1.2s
rotated_surface_d5 Z: 50000/200000; failures visible/hidden [32, 32]; 0.3s
rotated_surface_d5 Z: 100000/200000; failures visible/hidden [65, 65]; 0.6s
rotated_surface_d5 Z: 150000/200000; failures visible/hidden [99, 101]; 0.9s
rotated_surface_d5 Z: 200000/200000; failures visible/hidden [128, 131]; 1.1s
rotated_surface_d7 X: 50000/50000; failures visible/hidden [9, 9]; 0.6s
rotated_surface_d7 Z: 50000/50000; failures visible/hidden [5, 6]; 0.6s
rotated_surface_d3 X: 50000/200000; failures visible/hidden [386, 388]; 0.2s
rotated_surface_d3 X: 100000/200000; failures visible/hidden [782, 787]; 0.4s
rotated_surface_d3 X: 150000/200000; failures visible/hidden [1147, 1154]; 0.5s
rotated_surface_d3 X: 200000/200000; failures visible/hidden [1508, 1517]; 0.7s
rotated_surface_d3 Z: 50000/200000; failures visible/hidden [339, 341]; 0.2s
rotated_surface_d3 Z: 100000/200000; failures visible/hidden [684, 690]; 0.4s
rotated_surface_d3 Z: 150000/200000; failures visible/hidden [1052, 1058]; 0.5s
rotated_surface_d3 Z: 200000/200000; failures visible/hidden [1418, 1424]; 0.7s
rotated_surface_d5 X: 50000/200000; failures visible/hidden [176, 178]; 0.3s
rotated_surface_d5 X: 100000/200000; failures visible/hidden [357, 358]; 0.7s
rotated_surface_d5 X: 150000/200000; failures visible/hidden [515, 520]; 1.0s
rotated_surface_d5 X: 200000/200000; failures visible/hidden [655, 664]; 1.3s
rotated_surface_d5 Z: 50000/200000; failures visible/hidden [140, 141]; 0.3s
rotated_surface_d5 Z: 100000/200000; failures visible/hidden [306, 309]; 0.6s
rotated_surface_d5 Z: 150000/200000; failures visible/hidden [450, 454]; 1.0s
rotated_surface_d5 Z: 200000/200000; failures visible/hidden [611, 615]; 1.3s
rotated_surface_d7 X: 50000/50000; failures visible/hidden [62, 64]; 0.7s
rotated_surface_d7 Z: 50000/50000; failures visible/hidden [52, 52]; 0.7s
    40/90  204s elapsed, ~255s left
rotated_surface_d3 X: 50000/200000; failures visible/hidden [35, 35]; 0.2s
rotated_surface_d3 X: 100000/200000; failures visible/hidden [85, 88]; 0.3s
rotated_surface_d3 X: 150000/200000; failures visible/hidden [128, 136]; 0.5s
rotated_surface_d3 X: 200000/200000; failures visible/hidden [172, 184]; 0.6s
rotated_surface_d3 Z: 50000/200000; failures visible/hidden [39, 41]; 0.2s
rotated_surface_d3 Z: 100000/200000; failures visible/hidden [81, 88]; 0.3s
rotated_surface_d3 Z: 150000/200000; failures visible/hidden [113, 125]; 0.5s
rotated_surface_d3 Z: 200000/200000; failures visible/hidden [151, 162]; 0.6s
rotated_surface_d5 X: 50000/200000; failures visible/hidden [12, 12]; 0.3s
rotated_surface_d5 X: 100000/200000; failures visible/hidden [16, 17]; 0.6s
rotated_surface_d5 X: 150000/200000; failures visible/hidden [20, 22]; 0.8s
rotated_surface_d5 X: 200000/200000; failures visible/hidden [26, 30]; 1.1s
rotated_surface_d5 Z: 50000/200000; failures visible/hidden [9, 9]; 0.3s
rotated_surface_d5 Z: 100000/200000; failures visible/hidden [16, 18]; 0.6s
rotated_surface_d5 Z: 150000/200000; failures visible/hidden [22, 25]; 0.8s
rotated_surface_d5 Z: 200000/200000; failures visible/hidden [26, 30]; 1.1s
rotated_surface_d7 X: 50000/50000; failures visible/hidden [1, 1]; 0.7s
rotated_surface_d7 Z: 50000/50000; failures visible/hidden [0, 0]; 0.6s
rotated_surface_d3 X: 50000/200000; failures visible/hidden [41, 44]; 0.2s
rotated_surface_d3 X: 100000/200000; failures visible/hidden [81, 90]; 0.3s
rotated_surface_d3 X: 150000/200000; failures visible/hidden [114, 124]; 0.5s
rotated_surface_d3 X: 200000/200000; failures visible/hidden [146, 157]; 0.6s
rotated_surface_d3 Z: 50000/200000; failures visible/hidden [53, 53]; 0.2s
rotated_surface_d3 Z: 100000/200000; failures visible/hidden [86, 93]; 0.3s
rotated_surface_d3 Z: 150000/200000; failures visible/hidden [122, 137]; 0.5s
rotated_surface_d3 Z: 200000/200000; failures visible/hidden [157, 174]; 0.6s
rotated_surface_d5 X: 50000/200000; failures visible/hidden [3, 4]; 0.3s
rotated_surface_d5 X: 100000/200000; failures visible/hidden [8, 12]; 0.6s
rotated_surface_d5 X: 150000/200000; failures visible/hidden [18, 21]; 0.8s
rotated_surface_d5 X: 200000/200000; failures visible/hidden [35, 38]; 1.1s
rotated_surface_d5 Z: 50000/200000; failures visible/hidden [10, 10]; 0.3s
rotated_surface_d5 Z: 100000/200000; failures visible/hidden [16, 17]; 0.6s
rotated_surface_d5 Z: 150000/200000; failures visible/hidden [24, 24]; 0.8s
rotated_surface_d5 Z: 200000/200000; failures visible/hidden [27, 30]; 1.1s
rotated_surface_d7 X: 50000/50000; failures visible/hidden [0, 0]; 0.6s
rotated_surface_d7 Z: 50000/50000; failures visible/hidden [0, 0]; 0.6s
rotated_surface_d3 X: 50000/200000; failures visible/hidden [64, 67]; 0.2s
rotated_surface_d3 X: 100000/200000; failures visible/hidden [101, 109]; 0.3s
rotated_surface_d3 X: 150000/200000; failures visible/hidden [149, 158]; 0.5s
rotated_surface_d3 X: 200000/200000; failures visible/hidden [190, 201]; 0.7s
rotated_surface_d3 Z: 50000/200000; failures visible/hidden [34, 41]; 0.2s
rotated_surface_d3 Z: 100000/200000; failures visible/hidden [73, 81]; 0.3s
rotated_surface_d3 Z: 150000/200000; failures visible/hidden [112, 126]; 0.5s
rotated_surface_d3 Z: 200000/200000; failures visible/hidden [149, 168]; 0.6s
rotated_surface_d5 X: 50000/200000; failures visible/hidden [11, 12]; 0.3s
rotated_surface_d5 X: 100000/200000; failures visible/hidden [18, 20]; 0.6s
rotated_surface_d5 X: 150000/200000; failures visible/hidden [28, 30]; 0.9s
rotated_surface_d5 X: 200000/200000; failures visible/hidden [37, 39]; 1.1s
rotated_surface_d5 Z: 50000/200000; failures visible/hidden [7, 9]; 0.3s
rotated_surface_d5 Z: 100000/200000; failures visible/hidden [14, 16]; 0.6s
rotated_surface_d5 Z: 150000/200000; failures visible/hidden [19, 22]; 0.8s
rotated_surface_d5 Z: 200000/200000; failures visible/hidden [28, 31]; 1.1s
rotated_surface_d7 X: 50000/50000; failures visible/hidden [1, 1]; 0.7s
rotated_surface_d7 Z: 50000/50000; failures visible/hidden [0, 0]; 0.6s
rotated_surface_d3 X: 50000/200000; failures visible/hidden [46, 47]; 0.2s
rotated_surface_d3 X: 100000/200000; failures visible/hidden [87, 90]; 0.3s
rotated_surface_d3 X: 150000/200000; failures visible/hidden [129, 133]; 0.5s
rotated_surface_d3 X: 200000/200000; failures visible/hidden [172, 181]; 0.6s
rotated_surface_d3 Z: 50000/200000; failures visible/hidden [41, 44]; 0.2s
rotated_surface_d3 Z: 100000/200000; failures visible/hidden [82, 91]; 0.3s
rotated_surface_d3 Z: 150000/200000; failures visible/hidden [129, 143]; 0.5s
rotated_surface_d3 Z: 200000/200000; failures visible/hidden [163, 183]; 0.7s
rotated_surface_d5 X: 50000/200000; failures visible/hidden [10, 10]; 0.3s
rotated_surface_d5 X: 100000/200000; failures visible/hidden [22, 23]; 0.6s
rotated_surface_d5 X: 150000/200000; failures visible/hidden [32, 36]; 0.9s
rotated_surface_d5 X: 200000/200000; failures visible/hidden [41, 46]; 1.1s
rotated_surface_d5 Z: 50000/200000; failures visible/hidden [7, 7]; 0.3s
rotated_surface_d5 Z: 100000/200000; failures visible/hidden [13, 15]; 0.6s
rotated_surface_d5 Z: 150000/200000; failures visible/hidden [20, 22]; 0.8s
rotated_surface_d5 Z: 200000/200000; failures visible/hidden [25, 28]; 1.1s
rotated_surface_d7 X: 50000/50000; failures visible/hidden [2, 3]; 0.7s
rotated_surface_d7 Z: 50000/50000; failures visible/hidden [1, 1]; 0.6s
rotated_surface_d3 X: 50000/200000; failures visible/hidden [40, 41]; 0.2s
rotated_surface_d3 X: 100000/200000; failures visible/hidden [86, 90]; 0.3s
rotated_surface_d3 X: 150000/200000; failures visible/hidden [123, 132]; 0.5s
rotated_surface_d3 X: 200000/200000; failures visible/hidden [162, 175]; 0.6s
rotated_surface_d3 Z: 50000/200000; failures visible/hidden [38, 43]; 0.2s
rotated_surface_d3 Z: 100000/200000; failures visible/hidden [81, 89]; 0.3s
rotated_surface_d3 Z: 150000/200000; failures visible/hidden [122, 132]; 0.5s
rotated_surface_d3 Z: 200000/200000; failures visible/hidden [165, 175]; 0.6s
rotated_surface_d5 X: 50000/200000; failures visible/hidden [9, 9]; 0.3s
rotated_surface_d5 X: 100000/200000; failures visible/hidden [16, 17]; 0.6s
rotated_surface_d5 X: 150000/200000; failures visible/hidden [22, 23]; 0.9s
rotated_surface_d5 X: 200000/200000; failures visible/hidden [29, 30]; 1.1s
rotated_surface_d5 Z: 50000/200000; failures visible/hidden [4, 4]; 0.3s
rotated_surface_d5 Z: 100000/200000; failures visible/hidden [13, 13]; 0.6s
rotated_surface_d5 Z: 150000/200000; failures visible/hidden [19, 21]; 0.8s
rotated_surface_d5 Z: 200000/200000; failures visible/hidden [28, 33]; 1.1s
rotated_surface_d7 X: 50000/50000; failures visible/hidden [2, 2]; 0.6s
rotated_surface_d7 Z: 50000/50000; failures visible/hidden [3, 3]; 0.6s
rotated_surface_d3 X: 50000/200000; failures visible/hidden [54, 57]; 0.2s
rotated_surface_d3 X: 100000/200000; failures visible/hidden [94, 101]; 0.3s
rotated_surface_d3 X: 150000/200000; failures visible/hidden [142, 147]; 0.5s
rotated_surface_d3 X: 200000/200000; failures visible/hidden [184, 190]; 0.6s
rotated_surface_d3 Z: 50000/200000; failures visible/hidden [42, 44]; 0.2s
rotated_surface_d3 Z: 100000/200000; failures visible/hidden [82, 84]; 0.3s
rotated_surface_d3 Z: 150000/200000; failures visible/hidden [127, 130]; 0.5s
rotated_surface_d3 Z: 200000/200000; failures visible/hidden [173, 180]; 0.6s
rotated_surface_d5 X: 50000/200000; failures visible/hidden [17, 18]; 0.3s
rotated_surface_d5 X: 100000/200000; failures visible/hidden [25, 28]; 0.6s
rotated_surface_d5 X: 150000/200000; failures visible/hidden [34, 38]; 0.8s
rotated_surface_d5 X: 200000/200000; failures visible/hidden [40, 46]; 1.1s
rotated_surface_d5 Z: 50000/200000; failures visible/hidden [4, 4]; 0.3s
rotated_surface_d5 Z: 100000/200000; failures visible/hidden [12, 14]; 0.6s
rotated_surface_d5 Z: 150000/200000; failures visible/hidden [20, 25]; 0.8s
rotated_surface_d5 Z: 200000/200000; failures visible/hidden [27, 33]; 1.1s
rotated_surface_d7 X: 50000/50000; failures visible/hidden [1, 1]; 0.7s
rotated_surface_d7 Z: 50000/50000; failures visible/hidden [1, 1]; 0.6s
rotated_surface_d3 X: 50000/200000; failures visible/hidden [41, 44]; 0.2s
rotated_surface_d3 X: 100000/200000; failures visible/hidden [81, 87]; 0.3s
rotated_surface_d3 X: 150000/200000; failures visible/hidden [134, 145]; 0.5s
rotated_surface_d3 X: 200000/200000; failures visible/hidden [185, 201]; 0.7s
rotated_surface_d3 Z: 50000/200000; failures visible/hidden [54, 56]; 0.2s
rotated_surface_d3 Z: 100000/200000; failures visible/hidden [102, 105]; 0.3s
rotated_surface_d3 Z: 150000/200000; failures visible/hidden [156, 159]; 0.5s
rotated_surface_d3 Z: 200000/200000; failures visible/hidden [219, 222]; 0.6s
rotated_surface_d5 X: 50000/200000; failures visible/hidden [9, 11]; 0.3s
rotated_surface_d5 X: 100000/200000; failures visible/hidden [19, 23]; 0.6s
rotated_surface_d5 X: 150000/200000; failures visible/hidden [28, 35]; 0.9s
rotated_surface_d5 X: 200000/200000; failures visible/hidden [36, 43]; 1.1s
rotated_surface_d5 Z: 50000/200000; failures visible/hidden [2, 4]; 0.3s
rotated_surface_d5 Z: 100000/200000; failures visible/hidden [9, 10]; 0.6s
rotated_surface_d5 Z: 150000/200000; failures visible/hidden [17, 18]; 0.8s
rotated_surface_d5 Z: 200000/200000; failures visible/hidden [23, 26]; 1.1s
rotated_surface_d7 X: 50000/50000; failures visible/hidden [1, 1]; 0.7s
rotated_surface_d7 Z: 50000/50000; failures visible/hidden [4, 5]; 0.6s
rotated_surface_d3 X: 50000/200000; failures visible/hidden [63, 69]; 0.2s
rotated_surface_d3 X: 100000/200000; failures visible/hidden [131, 140]; 0.3s
rotated_surface_d3 X: 150000/200000; failures visible/hidden [191, 204]; 0.5s
rotated_surface_d3 X: 200000/200000; failures visible/hidden [263, 277]; 0.7s
rotated_surface_d3 Z: 50000/200000; failures visible/hidden [70, 71]; 0.2s
rotated_surface_d3 Z: 100000/200000; failures visible/hidden [127, 129]; 0.3s
rotated_surface_d3 Z: 150000/200000; failures visible/hidden [189, 195]; 0.5s
rotated_surface_d3 Z: 200000/200000; failures visible/hidden [248, 256]; 0.6s
rotated_surface_d5 X: 50000/200000; failures visible/hidden [15, 14]; 0.3s
rotated_surface_d5 X: 100000/200000; failures visible/hidden [26, 26]; 0.6s
rotated_surface_d5 X: 150000/200000; failures visible/hidden [52, 53]; 0.9s
rotated_surface_d5 X: 200000/200000; failures visible/hidden [59, 61]; 1.2s
rotated_surface_d5 Z: 50000/200000; failures visible/hidden [10, 11]; 0.3s
rotated_surface_d5 Z: 100000/200000; failures visible/hidden [16, 18]; 0.6s
rotated_surface_d5 Z: 150000/200000; failures visible/hidden [23, 29]; 0.8s
rotated_surface_d5 Z: 200000/200000; failures visible/hidden [34, 46]; 1.1s
rotated_surface_d7 X: 50000/50000; failures visible/hidden [4, 4]; 0.7s
rotated_surface_d7 Z: 50000/50000; failures visible/hidden [2, 2]; 0.7s
rotated_surface_d3 X: 50000/200000; failures visible/hidden [123, 125]; 0.2s
rotated_surface_d3 X: 100000/200000; failures visible/hidden [260, 268]; 0.3s
rotated_surface_d3 X: 150000/200000; failures visible/hidden [371, 381]; 0.5s
rotated_surface_d3 X: 200000/200000; failures visible/hidden [507, 525]; 0.7s
rotated_surface_d3 Z: 50000/200000; failures visible/hidden [101, 102]; 0.2s
rotated_surface_d3 Z: 100000/200000; failures visible/hidden [206, 211]; 0.3s
rotated_surface_d3 Z: 150000/200000; failures visible/hidden [304, 313]; 0.5s
rotated_surface_d3 Z: 200000/200000; failures visible/hidden [426, 443]; 0.7s
rotated_surface_d5 X: 50000/200000; failures visible/hidden [31, 33]; 0.3s
rotated_surface_d5 X: 100000/200000; failures visible/hidden [66, 70]; 0.6s
rotated_surface_d5 X: 150000/200000; failures visible/hidden [89, 96]; 0.9s
rotated_surface_d5 X: 200000/200000; failures visible/hidden [122, 132]; 1.2s
rotated_surface_d5 Z: 50000/200000; failures visible/hidden [29, 34]; 0.3s
rotated_surface_d5 Z: 100000/200000; failures visible/hidden [53, 60]; 0.6s
rotated_surface_d5 Z: 150000/200000; failures visible/hidden [82, 90]; 0.9s
rotated_surface_d5 Z: 200000/200000; failures visible/hidden [102, 111]; 1.2s
rotated_surface_d7 X: 50000/50000; failures visible/hidden [3, 4]; 0.7s
rotated_surface_d7 Z: 50000/50000; failures visible/hidden [9, 9]; 0.7s
rotated_surface_d3 X: 50000/200000; failures visible/hidden [381, 387]; 0.2s
rotated_surface_d3 X: 100000/200000; failures visible/hidden [773, 781]; 0.4s
rotated_surface_d3 X: 150000/200000; failures visible/hidden [1184, 1197]; 0.5s
rotated_surface_d3 X: 200000/200000; failures visible/hidden [1536, 1554]; 0.7s
rotated_surface_d3 Z: 50000/200000; failures visible/hidden [317, 325]; 0.2s
rotated_surface_d3 Z: 100000/200000; failures visible/hidden [666, 684]; 0.4s
rotated_surface_d3 Z: 150000/200000; failures visible/hidden [993, 1017]; 0.5s
rotated_surface_d3 Z: 200000/200000; failures visible/hidden [1334, 1368]; 0.7s
rotated_surface_d5 X: 50000/200000; failures visible/hidden [174, 176]; 0.3s
rotated_surface_d5 X: 100000/200000; failures visible/hidden [330, 335]; 0.7s
rotated_surface_d5 X: 150000/200000; failures visible/hidden [506, 514]; 1.0s
rotated_surface_d5 X: 200000/200000; failures visible/hidden [666, 683]; 1.3s
rotated_surface_d5 Z: 50000/200000; failures visible/hidden [157, 162]; 0.3s
rotated_surface_d5 Z: 100000/200000; failures visible/hidden [317, 328]; 0.7s
rotated_surface_d5 Z: 150000/200000; failures visible/hidden [471, 486]; 1.0s
rotated_surface_d5 Z: 200000/200000; failures visible/hidden [628, 647]; 1.3s
rotated_surface_d7 X: 50000/50000; failures visible/hidden [53, 59]; 0.8s
rotated_surface_d7 Z: 50000/50000; failures visible/hidden [58, 57]; 0.7s
    50/90  260s elapsed, ~208s left
rotated_surface_d3 X: 50000/200000; failures visible/hidden [59, 66]; 0.2s
rotated_surface_d3 X: 100000/200000; failures visible/hidden [107, 122]; 0.3s
rotated_surface_d3 X: 150000/200000; failures visible/hidden [162, 191]; 0.5s
rotated_surface_d3 X: 200000/200000; failures visible/hidden [204, 241]; 0.7s
rotated_surface_d3 Z: 50000/200000; failures visible/hidden [39, 51]; 0.2s
rotated_surface_d3 Z: 100000/200000; failures visible/hidden [79, 96]; 0.3s
rotated_surface_d3 Z: 150000/200000; failures visible/hidden [130, 152]; 0.5s
rotated_surface_d3 Z: 200000/200000; failures visible/hidden [161, 193]; 0.7s
rotated_surface_d5 X: 50000/200000; failures visible/hidden [2, 5]; 0.3s
rotated_surface_d5 X: 100000/200000; failures visible/hidden [13, 16]; 0.7s
rotated_surface_d5 X: 150000/200000; failures visible/hidden [22, 27]; 1.0s
rotated_surface_d5 X: 200000/200000; failures visible/hidden [31, 44]; 1.4s
rotated_surface_d5 Z: 50000/200000; failures visible/hidden [13, 16]; 0.3s
rotated_surface_d5 Z: 100000/200000; failures visible/hidden [18, 23]; 0.7s
rotated_surface_d5 Z: 150000/200000; failures visible/hidden [29, 36]; 1.0s
rotated_surface_d5 Z: 200000/200000; failures visible/hidden [37, 45]; 1.3s
rotated_surface_d7 X: 50000/50000; failures visible/hidden [0, 3]; 1.5s
rotated_surface_d7 Z: 50000/50000; failures visible/hidden [0, 1]; 1.4s
rotated_surface_d3 X: 50000/200000; failures visible/hidden [36, 54]; 0.2s
rotated_surface_d3 X: 100000/200000; failures visible/hidden [82, 106]; 0.3s
rotated_surface_d3 X: 150000/200000; failures visible/hidden [142, 179]; 0.5s
rotated_surface_d3 X: 200000/200000; failures visible/hidden [197, 239]; 0.7s
rotated_surface_d3 Z: 50000/200000; failures visible/hidden [46, 53]; 0.2s
rotated_surface_d3 Z: 100000/200000; failures visible/hidden [89, 105]; 0.3s
rotated_surface_d3 Z: 150000/200000; failures visible/hidden [128, 152]; 0.5s
rotated_surface_d3 Z: 200000/200000; failures visible/hidden [170, 199]; 0.7s
rotated_surface_d5 X: 50000/200000; failures visible/hidden [8, 15]; 0.4s
rotated_surface_d5 X: 100000/200000; failures visible/hidden [16, 26]; 0.7s
rotated_surface_d5 X: 150000/200000; failures visible/hidden [25, 36]; 1.0s
rotated_surface_d5 X: 200000/200000; failures visible/hidden [34, 48]; 1.4s
rotated_surface_d5 Z: 50000/200000; failures visible/hidden [9, 14]; 0.3s
rotated_surface_d5 Z: 100000/200000; failures visible/hidden [19, 30]; 0.7s
rotated_surface_d5 Z: 150000/200000; failures visible/hidden [25, 40]; 1.0s
rotated_surface_d5 Z: 200000/200000; failures visible/hidden [33, 52]; 1.3s
rotated_surface_d7 X: 50000/50000; failures visible/hidden [3, 3]; 1.4s
rotated_surface_d7 Z: 50000/50000; failures visible/hidden [3, 3]; 1.4s
rotated_surface_d3 X: 50000/200000; failures visible/hidden [42, 51]; 0.2s
rotated_surface_d3 X: 100000/200000; failures visible/hidden [96, 118]; 0.3s
rotated_surface_d3 X: 150000/200000; failures visible/hidden [154, 187]; 0.5s
rotated_surface_d3 X: 200000/200000; failures visible/hidden [194, 245]; 0.7s
rotated_surface_d3 Z: 50000/200000; failures visible/hidden [48, 56]; 0.2s
rotated_surface_d3 Z: 100000/200000; failures visible/hidden [94, 119]; 0.3s
rotated_surface_d3 Z: 150000/200000; failures visible/hidden [132, 162]; 0.5s
rotated_surface_d3 Z: 200000/200000; failures visible/hidden [182, 225]; 0.7s
rotated_surface_d5 X: 50000/200000; failures visible/hidden [8, 12]; 0.4s
rotated_surface_d5 X: 100000/200000; failures visible/hidden [16, 21]; 0.7s
rotated_surface_d5 X: 150000/200000; failures visible/hidden [23, 29]; 1.0s
rotated_surface_d5 X: 200000/200000; failures visible/hidden [31, 44]; 1.4s
rotated_surface_d5 Z: 50000/200000; failures visible/hidden [9, 9]; 0.3s
rotated_surface_d5 Z: 100000/200000; failures visible/hidden [15, 18]; 0.7s
rotated_surface_d5 Z: 150000/200000; failures visible/hidden [22, 28]; 1.0s
rotated_surface_d5 Z: 200000/200000; failures visible/hidden [30, 36]; 1.3s
rotated_surface_d7 X: 50000/50000; failures visible/hidden [0, 0]; 1.4s
rotated_surface_d7 Z: 50000/50000; failures visible/hidden [1, 1]; 1.4s
rotated_surface_d3 X: 50000/200000; failures visible/hidden [51, 69]; 0.2s
rotated_surface_d3 X: 100000/200000; failures visible/hidden [95, 130]; 0.3s
rotated_surface_d3 X: 150000/200000; failures visible/hidden [147, 199]; 0.5s
rotated_surface_d3 X: 200000/200000; failures visible/hidden [197, 259]; 0.7s
rotated_surface_d3 Z: 50000/200000; failures visible/hidden [45, 62]; 0.2s
rotated_surface_d3 Z: 100000/200000; failures visible/hidden [110, 135]; 0.3s
rotated_surface_d3 Z: 150000/200000; failures visible/hidden [153, 194]; 0.5s
rotated_surface_d3 Z: 200000/200000; failures visible/hidden [192, 235]; 0.7s
rotated_surface_d5 X: 50000/200000; failures visible/hidden [6, 10]; 0.4s
rotated_surface_d5 X: 100000/200000; failures visible/hidden [11, 17]; 0.7s
rotated_surface_d5 X: 150000/200000; failures visible/hidden [20, 29]; 1.0s
rotated_surface_d5 X: 200000/200000; failures visible/hidden [27, 37]; 1.3s
rotated_surface_d5 Z: 50000/200000; failures visible/hidden [7, 10]; 0.3s
rotated_surface_d5 Z: 100000/200000; failures visible/hidden [14, 20]; 0.7s
rotated_surface_d5 Z: 150000/200000; failures visible/hidden [19, 28]; 1.0s
rotated_surface_d5 Z: 200000/200000; failures visible/hidden [30, 40]; 1.3s
rotated_surface_d7 X: 50000/50000; failures visible/hidden [1, 1]; 1.5s
rotated_surface_d7 Z: 50000/50000; failures visible/hidden [0, 2]; 1.4s
rotated_surface_d3 X: 50000/200000; failures visible/hidden [52, 58]; 0.2s
rotated_surface_d3 X: 100000/200000; failures visible/hidden [89, 101]; 0.3s
rotated_surface_d3 X: 150000/200000; failures visible/hidden [148, 171]; 0.5s
rotated_surface_d3 X: 200000/200000; failures visible/hidden [193, 229]; 0.7s
rotated_surface_d3 Z: 50000/200000; failures visible/hidden [36, 37]; 0.2s
rotated_surface_d3 Z: 100000/200000; failures visible/hidden [78, 85]; 0.3s
rotated_surface_d3 Z: 150000/200000; failures visible/hidden [132, 147]; 0.5s
rotated_surface_d3 Z: 200000/200000; failures visible/hidden [176, 198]; 0.7s
rotated_surface_d5 X: 50000/200000; failures visible/hidden [11, 14]; 0.3s
rotated_surface_d5 X: 100000/200000; failures visible/hidden [21, 26]; 0.7s
rotated_surface_d5 X: 150000/200000; failures visible/hidden [28, 35]; 1.0s
rotated_surface_d5 X: 200000/200000; failures visible/hidden [37, 48]; 1.3s
rotated_surface_d5 Z: 50000/200000; failures visible/hidden [8, 12]; 0.3s
rotated_surface_d5 Z: 100000/200000; failures visible/hidden [16, 19]; 0.7s
rotated_surface_d5 Z: 150000/200000; failures visible/hidden [23, 30]; 1.0s
rotated_surface_d5 Z: 200000/200000; failures visible/hidden [36, 50]; 1.3s
rotated_surface_d7 X: 50000/50000; failures visible/hidden [3, 3]; 1.4s
rotated_surface_d7 Z: 50000/50000; failures visible/hidden [1, 0]; 1.3s
rotated_surface_d3 X: 50000/200000; failures visible/hidden [68, 72]; 0.2s
rotated_surface_d3 X: 100000/200000; failures visible/hidden [121, 136]; 0.3s
rotated_surface_d3 X: 150000/200000; failures visible/hidden [158, 186]; 0.5s
rotated_surface_d3 X: 200000/200000; failures visible/hidden [206, 248]; 0.7s
rotated_surface_d3 Z: 50000/200000; failures visible/hidden [46, 61]; 0.2s
rotated_surface_d3 Z: 100000/200000; failures visible/hidden [86, 107]; 0.3s
rotated_surface_d3 Z: 150000/200000; failures visible/hidden [129, 159]; 0.5s
rotated_surface_d3 Z: 200000/200000; failures visible/hidden [174, 213]; 0.6s
rotated_surface_d5 X: 50000/200000; failures visible/hidden [10, 11]; 0.3s
rotated_surface_d5 X: 100000/200000; failures visible/hidden [16, 21]; 0.7s
rotated_surface_d5 X: 150000/200000; failures visible/hidden [28, 38]; 1.0s
rotated_surface_d5 X: 200000/200000; failures visible/hidden [34, 47]; 1.3s
rotated_surface_d5 Z: 50000/200000; failures visible/hidden [10, 14]; 0.3s
rotated_surface_d5 Z: 100000/200000; failures visible/hidden [19, 27]; 0.6s
rotated_surface_d5 Z: 150000/200000; failures visible/hidden [28, 38]; 1.0s
rotated_surface_d5 Z: 200000/200000; failures visible/hidden [35, 44]; 1.3s
rotated_surface_d7 X: 50000/50000; failures visible/hidden [0, 0]; 1.4s
rotated_surface_d7 Z: 50000/50000; failures visible/hidden [1, 2]; 1.3s
rotated_surface_d3 X: 50000/200000; failures visible/hidden [48, 60]; 0.2s
rotated_surface_d3 X: 100000/200000; failures visible/hidden [103, 133]; 0.3s
rotated_surface_d3 X: 150000/200000; failures visible/hidden [159, 201]; 0.5s
rotated_surface_d3 X: 200000/200000; failures visible/hidden [208, 267]; 0.7s
rotated_surface_d3 Z: 50000/200000; failures visible/hidden [48, 53]; 0.2s
rotated_surface_d3 Z: 100000/200000; failures visible/hidden [114, 130]; 0.3s
rotated_surface_d3 Z: 150000/200000; failures visible/hidden [168, 202]; 0.5s
rotated_surface_d3 Z: 200000/200000; failures visible/hidden [213, 257]; 0.6s
rotated_surface_d5 X: 50000/200000; failures visible/hidden [4, 7]; 0.3s
rotated_surface_d5 X: 100000/200000; failures visible/hidden [15, 26]; 0.7s
rotated_surface_d5 X: 150000/200000; failures visible/hidden [26, 42]; 1.0s
rotated_surface_d5 X: 200000/200000; failures visible/hidden [41, 60]; 1.3s
rotated_surface_d5 Z: 50000/200000; failures visible/hidden [9, 15]; 0.3s
rotated_surface_d5 Z: 100000/200000; failures visible/hidden [15, 27]; 0.7s
rotated_surface_d5 Z: 150000/200000; failures visible/hidden [27, 41]; 1.0s
rotated_surface_d5 Z: 200000/200000; failures visible/hidden [35, 54]; 1.3s
rotated_surface_d7 X: 50000/50000; failures visible/hidden [4, 7]; 1.4s
rotated_surface_d7 Z: 50000/50000; failures visible/hidden [1, 1]; 1.3s
rotated_surface_d3 X: 50000/200000; failures visible/hidden [55, 64]; 0.2s
rotated_surface_d3 X: 100000/200000; failures visible/hidden [123, 142]; 0.3s
rotated_surface_d3 X: 150000/200000; failures visible/hidden [190, 220]; 0.5s
rotated_surface_d3 X: 200000/200000; failures visible/hidden [258, 299]; 0.7s
rotated_surface_d3 Z: 50000/200000; failures visible/hidden [63, 76]; 0.2s
rotated_surface_d3 Z: 100000/200000; failures visible/hidden [125, 145]; 0.3s
rotated_surface_d3 Z: 150000/200000; failures visible/hidden [186, 218]; 0.5s
rotated_surface_d3 Z: 200000/200000; failures visible/hidden [240, 287]; 0.7s
rotated_surface_d5 X: 50000/200000; failures visible/hidden [20, 26]; 0.3s
rotated_surface_d5 X: 100000/200000; failures visible/hidden [33, 44]; 0.7s
rotated_surface_d5 X: 150000/200000; failures visible/hidden [43, 60]; 1.0s
rotated_surface_d5 X: 200000/200000; failures visible/hidden [56, 84]; 1.3s
rotated_surface_d5 Z: 50000/200000; failures visible/hidden [15, 20]; 0.3s
rotated_surface_d5 Z: 100000/200000; failures visible/hidden [30, 41]; 0.7s
rotated_surface_d5 Z: 150000/200000; failures visible/hidden [44, 56]; 1.0s
rotated_surface_d5 Z: 200000/200000; failures visible/hidden [60, 77]; 1.3s
rotated_surface_d7 X: 50000/50000; failures visible/hidden [3, 5]; 1.4s
rotated_surface_d7 Z: 50000/50000; failures visible/hidden [2, 2]; 1.4s
rotated_surface_d3 X: 50000/200000; failures visible/hidden [140, 148]; 0.2s
rotated_surface_d3 X: 100000/200000; failures visible/hidden [274, 296]; 0.3s
rotated_surface_d3 X: 150000/200000; failures visible/hidden [384, 420]; 0.5s
rotated_surface_d3 X: 200000/200000; failures visible/hidden [534, 587]; 0.7s
rotated_surface_d3 Z: 50000/200000; failures visible/hidden [109, 119]; 0.2s
rotated_surface_d3 Z: 100000/200000; failures visible/hidden [215, 233]; 0.3s
rotated_surface_d3 Z: 150000/200000; failures visible/hidden [330, 356]; 0.5s
rotated_surface_d3 Z: 200000/200000; failures visible/hidden [436, 470]; 0.7s
rotated_surface_d5 X: 50000/200000; failures visible/hidden [24, 30]; 0.4s
rotated_surface_d5 X: 100000/200000; failures visible/hidden [54, 66]; 0.7s
rotated_surface_d5 X: 150000/200000; failures visible/hidden [86, 105]; 1.0s
rotated_surface_d5 X: 200000/200000; failures visible/hidden [112, 143]; 1.4s
rotated_surface_d5 Z: 50000/200000; failures visible/hidden [36, 51]; 0.3s
rotated_surface_d5 Z: 100000/200000; failures visible/hidden [61, 79]; 0.7s
rotated_surface_d5 Z: 150000/200000; failures visible/hidden [102, 122]; 1.0s
rotated_surface_d5 Z: 200000/200000; failures visible/hidden [133, 158]; 1.4s
rotated_surface_d7 X: 50000/50000; failures visible/hidden [9, 10]; 1.4s
rotated_surface_d7 Z: 50000/50000; failures visible/hidden [5, 6]; 1.4s
rotated_surface_d3 X: 50000/200000; failures visible/hidden [390, 409]; 0.2s
rotated_surface_d3 X: 100000/200000; failures visible/hidden [772, 820]; 0.4s
rotated_surface_d3 X: 150000/200000; failures visible/hidden [1116, 1176]; 0.5s
rotated_surface_d3 X: 200000/200000; failures visible/hidden [1496, 1574]; 0.7s
rotated_surface_d3 Z: 50000/200000; failures visible/hidden [348, 363]; 0.2s
rotated_surface_d3 Z: 100000/200000; failures visible/hidden [697, 719]; 0.4s
rotated_surface_d3 Z: 150000/200000; failures visible/hidden [1066, 1106]; 0.5s
rotated_surface_d3 Z: 200000/200000; failures visible/hidden [1441, 1487]; 0.7s
rotated_surface_d5 X: 50000/200000; failures visible/hidden [175, 202]; 0.4s
rotated_surface_d5 X: 100000/200000; failures visible/hidden [354, 393]; 0.8s
rotated_surface_d5 X: 150000/200000; failures visible/hidden [519, 569]; 1.1s
rotated_surface_d5 X: 200000/200000; failures visible/hidden [752, 813]; 1.5s
rotated_surface_d5 Z: 50000/200000; failures visible/hidden [146, 151]; 0.4s
rotated_surface_d5 Z: 100000/200000; failures visible/hidden [299, 320]; 0.8s
rotated_surface_d5 Z: 150000/200000; failures visible/hidden [490, 523]; 1.1s
rotated_surface_d5 Z: 200000/200000; failures visible/hidden [659, 709]; 1.5s
rotated_surface_d7 X: 50000/50000; failures visible/hidden [61, 73]; 1.5s
rotated_surface_d7 Z: 50000/50000; failures visible/hidden [69, 77]; 1.5s
    60/90  336s elapsed, ~168s left
rotated_surface_d3 X: 50000/200000; failures visible/hidden [59, 87]; 0.2s
rotated_surface_d3 X: 100000/200000; failures visible/hidden [129, 187]; 0.3s
rotated_surface_d3 X: 150000/200000; failures visible/hidden [182, 265]; 0.5s
rotated_surface_d3 X: 200000/200000; failures visible/hidden [244, 367]; 0.7s
rotated_surface_d3 Z: 50000/200000; failures visible/hidden [45, 77]; 0.2s
rotated_surface_d3 Z: 100000/200000; failures visible/hidden [101, 159]; 0.3s
rotated_surface_d3 Z: 150000/200000; failures visible/hidden [169, 253]; 0.5s
rotated_surface_d3 Z: 200000/200000; failures visible/hidden [216, 328]; 0.7s
rotated_surface_d5 X: 50000/200000; failures visible/hidden [12, 23]; 0.7s
rotated_surface_d5 X: 100000/200000; failures visible/hidden [21, 43]; 1.3s
rotated_surface_d5 X: 150000/200000; failures visible/hidden [30, 69]; 2.1s
rotated_surface_d5 X: 200000/200000; failures visible/hidden [36, 87]; 2.7s
rotated_surface_d5 Z: 50000/200000; failures visible/hidden [4, 15]; 0.7s
rotated_surface_d5 Z: 100000/200000; failures visible/hidden [18, 36]; 1.3s
rotated_surface_d5 Z: 150000/200000; failures visible/hidden [25, 53]; 2.0s
rotated_surface_d5 Z: 200000/200000; failures visible/hidden [38, 73]; 2.7s
rotated_surface_d7 X: 50000/50000; failures visible/hidden [2, 10]; 7.1s
rotated_surface_d7 Z: 50000/50000; failures visible/hidden [1, 2]; 7.2s
rotated_surface_d3 X: 50000/200000; failures visible/hidden [65, 92]; 0.2s
rotated_surface_d3 X: 100000/200000; failures visible/hidden [112, 168]; 0.3s
rotated_surface_d3 X: 150000/200000; failures visible/hidden [160, 268]; 0.5s
rotated_surface_d3 X: 200000/200000; failures visible/hidden [210, 368]; 0.7s
rotated_surface_d3 Z: 50000/200000; failures visible/hidden [53, 83]; 0.2s
rotated_surface_d3 Z: 100000/200000; failures visible/hidden [115, 181]; 0.3s
rotated_surface_d3 Z: 150000/200000; failures visible/hidden [171, 269]; 0.5s
rotated_surface_d3 Z: 200000/200000; failures visible/hidden [207, 335]; 0.7s
rotated_surface_d5 X: 50000/200000; failures visible/hidden [11, 23]; 0.7s
rotated_surface_d5 X: 100000/200000; failures visible/hidden [18, 39]; 1.4s
rotated_surface_d5 X: 150000/200000; failures visible/hidden [28, 62]; 2.1s
rotated_surface_d5 X: 200000/200000; failures visible/hidden [35, 76]; 2.8s
rotated_surface_d5 Z: 50000/200000; failures visible/hidden [6, 15]; 0.7s
rotated_surface_d5 Z: 100000/200000; failures visible/hidden [10, 34]; 1.3s
rotated_surface_d5 Z: 150000/200000; failures visible/hidden [15, 48]; 2.0s
rotated_surface_d5 Z: 200000/200000; failures visible/hidden [20, 73]; 2.7s
rotated_surface_d7 X: 50000/50000; failures visible/hidden [0, 3]; 7.1s
rotated_surface_d7 Z: 50000/50000; failures visible/hidden [0, 3]; 7.0s
rotated_surface_d3 X: 50000/200000; failures visible/hidden [54, 83]; 0.2s
rotated_surface_d3 X: 100000/200000; failures visible/hidden [106, 175]; 0.3s
rotated_surface_d3 X: 150000/200000; failures visible/hidden [175, 282]; 0.5s
rotated_surface_d3 X: 200000/200000; failures visible/hidden [219, 366]; 0.7s
rotated_surface_d3 Z: 50000/200000; failures visible/hidden [52, 91]; 0.2s
rotated_surface_d3 Z: 100000/200000; failures visible/hidden [106, 177]; 0.3s
rotated_surface_d3 Z: 150000/200000; failures visible/hidden [161, 262]; 0.5s
rotated_surface_d3 Z: 200000/200000; failures visible/hidden [216, 359]; 0.7s
rotated_surface_d5 X: 50000/200000; failures visible/hidden [11, 33]; 0.7s
rotated_surface_d5 X: 100000/200000; failures visible/hidden [21, 58]; 1.3s
rotated_surface_d5 X: 150000/200000; failures visible/hidden [26, 77]; 2.0s
rotated_surface_d5 X: 200000/200000; failures visible/hidden [36, 98]; 2.7s
rotated_surface_d5 Z: 50000/200000; failures visible/hidden [12, 17]; 0.7s
rotated_surface_d5 Z: 100000/200000; failures visible/hidden [20, 38]; 1.3s
rotated_surface_d5 Z: 150000/200000; failures visible/hidden [27, 65]; 2.0s
rotated_surface_d5 Z: 200000/200000; failures visible/hidden [36, 88]; 2.7s
rotated_surface_d7 X: 50000/50000; failures visible/hidden [4, 11]; 7.1s
rotated_surface_d7 Z: 50000/50000; failures visible/hidden [0, 3]; 7.2s
rotated_surface_d3 X: 50000/200000; failures visible/hidden [57, 115]; 0.2s
rotated_surface_d3 X: 100000/200000; failures visible/hidden [112, 215]; 0.3s
rotated_surface_d3 X: 150000/200000; failures visible/hidden [169, 312]; 0.5s
rotated_surface_d3 X: 200000/200000; failures visible/hidden [217, 393]; 0.7s
rotated_surface_d3 Z: 50000/200000; failures visible/hidden [55, 88]; 0.2s
rotated_surface_d3 Z: 100000/200000; failures visible/hidden [115, 172]; 0.3s
rotated_surface_d3 Z: 150000/200000; failures visible/hidden [176, 278]; 0.5s
rotated_surface_d3 Z: 200000/200000; failures visible/hidden [220, 356]; 0.7s
rotated_surface_d5 X: 50000/200000; failures visible/hidden [15, 28]; 0.7s
rotated_surface_d5 X: 100000/200000; failures visible/hidden [28, 57]; 1.4s
rotated_surface_d5 X: 150000/200000; failures visible/hidden [33, 77]; 2.1s
rotated_surface_d5 X: 200000/200000; failures visible/hidden [43, 105]; 2.8s
rotated_surface_d5 Z: 50000/200000; failures visible/hidden [8, 16]; 0.7s
rotated_surface_d5 Z: 100000/200000; failures visible/hidden [16, 38]; 1.3s
rotated_surface_d5 Z: 150000/200000; failures visible/hidden [32, 62]; 2.0s
rotated_surface_d5 Z: 200000/200000; failures visible/hidden [41, 79]; 2.7s
rotated_surface_d7 X: 50000/50000; failures visible/hidden [0, 4]; 7.1s
rotated_surface_d7 Z: 50000/50000; failures visible/hidden [1, 1]; 7.0s
rotated_surface_d3 X: 50000/200000; failures visible/hidden [67, 109]; 0.2s
rotated_surface_d3 X: 100000/200000; failures visible/hidden [114, 186]; 0.4s
rotated_surface_d3 X: 150000/200000; failures visible/hidden [175, 259]; 0.5s
rotated_surface_d3 X: 200000/200000; failures visible/hidden [234, 355]; 0.7s
rotated_surface_d3 Z: 50000/200000; failures visible/hidden [69, 95]; 0.2s
rotated_surface_d3 Z: 100000/200000; failures visible/hidden [118, 190]; 0.3s
rotated_surface_d3 Z: 150000/200000; failures visible/hidden [169, 277]; 0.5s
rotated_surface_d3 Z: 200000/200000; failures visible/hidden [218, 368]; 0.7s
rotated_surface_d5 X: 50000/200000; failures visible/hidden [12, 27]; 0.7s
rotated_surface_d5 X: 100000/200000; failures visible/hidden [18, 48]; 1.4s
rotated_surface_d5 X: 150000/200000; failures visible/hidden [30, 77]; 2.1s
rotated_surface_d5 X: 200000/200000; failures visible/hidden [38, 92]; 2.8s
rotated_surface_d5 Z: 50000/200000; failures visible/hidden [10, 19]; 0.7s
rotated_surface_d5 Z: 100000/200000; failures visible/hidden [18, 36]; 1.3s
rotated_surface_d5 Z: 150000/200000; failures visible/hidden [22, 52]; 2.0s
rotated_surface_d5 Z: 200000/200000; failures visible/hidden [29, 68]; 2.7s
rotated_surface_d7 X: 50000/50000; failures visible/hidden [1, 5]; 7.1s
rotated_surface_d7 Z: 50000/50000; failures visible/hidden [1, 5]; 7.1s
rotated_surface_d3 X: 50000/200000; failures visible/hidden [61, 89]; 0.2s
rotated_surface_d3 X: 100000/200000; failures visible/hidden [109, 179]; 0.3s
rotated_surface_d3 X: 150000/200000; failures visible/hidden [181, 296]; 0.5s
rotated_surface_d3 X: 200000/200000; failures visible/hidden [247, 397]; 0.7s
rotated_surface_d3 Z: 50000/200000; failures visible/hidden [51, 87]; 0.2s
rotated_surface_d3 Z: 100000/200000; failures visible/hidden [101, 161]; 0.3s
rotated_surface_d3 Z: 150000/200000; failures visible/hidden [153, 244]; 0.5s
rotated_surface_d3 Z: 200000/200000; failures visible/hidden [210, 329]; 0.7s
rotated_surface_d5 X: 50000/200000; failures visible/hidden [13, 31]; 0.7s
rotated_surface_d5 X: 100000/200000; failures visible/hidden [19, 53]; 1.3s
rotated_surface_d5 X: 150000/200000; failures visible/hidden [27, 81]; 2.0s
rotated_surface_d5 X: 200000/200000; failures visible/hidden [42, 111]; 2.7s
rotated_surface_d5 Z: 50000/200000; failures visible/hidden [11, 26]; 0.7s
rotated_surface_d5 Z: 100000/200000; failures visible/hidden [19, 46]; 1.3s
rotated_surface_d5 Z: 150000/200000; failures visible/hidden [27, 67]; 2.0s
rotated_surface_d5 Z: 200000/200000; failures visible/hidden [39, 96]; 2.7s
rotated_surface_d7 X: 50000/50000; failures visible/hidden [1, 9]; 7.2s
rotated_surface_d7 Z: 50000/50000; failures visible/hidden [2, 5]; 7.0s
rotated_surface_d3 X: 50000/200000; failures visible/hidden [68, 109]; 0.2s
rotated_surface_d3 X: 100000/200000; failures visible/hidden [135, 205]; 0.4s
rotated_surface_d3 X: 150000/200000; failures visible/hidden [198, 302]; 0.5s
rotated_surface_d3 X: 200000/200000; failures visible/hidden [275, 400]; 0.7s
rotated_surface_d3 Z: 50000/200000; failures visible/hidden [53, 90]; 0.2s
rotated_surface_d3 Z: 100000/200000; failures visible/hidden [107, 178]; 0.3s
rotated_surface_d3 Z: 150000/200000; failures visible/hidden [176, 284]; 0.5s
rotated_surface_d3 Z: 200000/200000; failures visible/hidden [237, 389]; 0.7s
rotated_surface_d5 X: 50000/200000; failures visible/hidden [9, 25]; 0.7s
rotated_surface_d5 X: 100000/200000; failures visible/hidden [19, 55]; 1.4s
rotated_surface_d5 X: 150000/200000; failures visible/hidden [34, 90]; 2.1s
rotated_surface_d5 X: 200000/200000; failures visible/hidden [47, 114]; 2.8s
rotated_surface_d5 Z: 50000/200000; failures visible/hidden [16, 22]; 0.7s
rotated_surface_d5 Z: 100000/200000; failures visible/hidden [28, 46]; 1.3s
rotated_surface_d5 Z: 150000/200000; failures visible/hidden [38, 67]; 2.0s
rotated_surface_d5 Z: 200000/200000; failures visible/hidden [45, 92]; 2.7s
rotated_surface_d7 X: 50000/50000; failures visible/hidden [0, 3]; 7.1s
rotated_surface_d7 Z: 50000/50000; failures visible/hidden [0, 2]; 7.2s
rotated_surface_d3 X: 50000/200000; failures visible/hidden [82, 124]; 0.2s
rotated_surface_d3 X: 100000/200000; failures visible/hidden [163, 244]; 0.4s
rotated_surface_d3 X: 150000/200000; failures visible/hidden [250, 373]; 0.5s
rotated_surface_d3 X: 200000/200000; failures visible/hidden [336, 498]; 0.7s
rotated_surface_d3 Z: 50000/200000; failures visible/hidden [76, 114]; 0.2s
rotated_surface_d3 Z: 100000/200000; failures visible/hidden [163, 234]; 0.3s
rotated_surface_d3 Z: 150000/200000; failures visible/hidden [230, 320]; 0.5s
rotated_surface_d3 Z: 200000/200000; failures visible/hidden [300, 414]; 0.7s
rotated_surface_d5 X: 50000/200000; failures visible/hidden [22, 39]; 0.7s
rotated_surface_d5 X: 100000/200000; failures visible/hidden [42, 83]; 1.4s
rotated_surface_d5 X: 150000/200000; failures visible/hidden [54, 108]; 2.1s
rotated_surface_d5 X: 200000/200000; failures visible/hidden [70, 143]; 2.8s
rotated_surface_d5 Z: 50000/200000; failures visible/hidden [15, 29]; 0.7s
rotated_surface_d5 Z: 100000/200000; failures visible/hidden [31, 58]; 1.3s
rotated_surface_d5 Z: 150000/200000; failures visible/hidden [43, 89]; 2.0s
rotated_surface_d5 Z: 200000/200000; failures visible/hidden [54, 118]; 2.7s
rotated_surface_d7 X: 50000/50000; failures visible/hidden [1, 6]; 7.3s
rotated_surface_d7 Z: 50000/50000; failures visible/hidden [4, 7]; 7.1s
rotated_surface_d3 X: 50000/200000; failures visible/hidden [171, 212]; 0.2s
rotated_surface_d3 X: 100000/200000; failures visible/hidden [320, 400]; 0.4s
rotated_surface_d3 X: 150000/200000; failures visible/hidden [466, 597]; 0.5s
rotated_surface_d3 X: 200000/200000; failures visible/hidden [599, 769]; 0.7s
rotated_surface_d3 Z: 50000/200000; failures visible/hidden [123, 163]; 0.2s
rotated_surface_d3 Z: 100000/200000; failures visible/hidden [243, 322]; 0.4s
rotated_surface_d3 Z: 150000/200000; failures visible/hidden [366, 495]; 0.5s
rotated_surface_d3 Z: 200000/200000; failures visible/hidden [502, 670]; 0.7s
rotated_surface_d5 X: 50000/200000; failures visible/hidden [45, 79]; 0.7s
rotated_surface_d5 X: 100000/200000; failures visible/hidden [83, 146]; 1.4s
rotated_surface_d5 X: 150000/200000; failures visible/hidden [127, 209]; 2.1s
rotated_surface_d5 X: 200000/200000; failures visible/hidden [162, 267]; 2.9s
rotated_surface_d5 Z: 50000/200000; failures visible/hidden [34, 62]; 0.7s
rotated_surface_d5 Z: 100000/200000; failures visible/hidden [74, 126]; 1.4s
rotated_surface_d5 Z: 150000/200000; failures visible/hidden [104, 188]; 2.1s
rotated_surface_d5 Z: 200000/200000; failures visible/hidden [142, 246]; 2.8s
rotated_surface_d7 X: 50000/50000; failures visible/hidden [5, 18]; 7.2s
rotated_surface_d7 Z: 50000/50000; failures visible/hidden [7, 16]; 7.4s
rotated_surface_d3 X: 50000/200000; failures visible/hidden [425, 474]; 0.2s
rotated_surface_d3 X: 100000/200000; failures visible/hidden [830, 939]; 0.4s
rotated_surface_d3 X: 150000/200000; failures visible/hidden [1283, 1455]; 0.6s
rotated_surface_d3 X: 200000/200000; failures visible/hidden [1757, 1977]; 0.7s
rotated_surface_d3 Z: 50000/200000; failures visible/hidden [359, 419]; 0.2s
rotated_surface_d3 Z: 100000/200000; failures visible/hidden [773, 887]; 0.4s
rotated_surface_d3 Z: 150000/200000; failures visible/hidden [1169, 1341]; 0.6s
rotated_surface_d3 Z: 200000/200000; failures visible/hidden [1541, 1768]; 0.7s
rotated_surface_d5 X: 50000/200000; failures visible/hidden [204, 243]; 0.7s
rotated_surface_d5 X: 100000/200000; failures visible/hidden [378, 481]; 1.5s
rotated_surface_d5 X: 150000/200000; failures visible/hidden [576, 743]; 2.3s
rotated_surface_d5 X: 200000/200000; failures visible/hidden [744, 962]; 3.0s
rotated_surface_d5 Z: 50000/200000; failures visible/hidden [188, 228]; 0.7s
rotated_surface_d5 Z: 100000/200000; failures visible/hidden [360, 443]; 1.5s
rotated_surface_d5 Z: 150000/200000; failures visible/hidden [530, 651]; 2.3s
rotated_surface_d5 Z: 200000/200000; failures visible/hidden [685, 854]; 3.0s
rotated_surface_d7 X: 50000/50000; failures visible/hidden [74, 106]; 7.4s
rotated_surface_d7 Z: 50000/50000; failures visible/hidden [62, 95]; 7.6s
    70/90  558s elapsed, ~160s left
rotated_surface_d3 X: 50000/200000; failures visible/hidden [88, 264]; 0.2s
rotated_surface_d3 X: 100000/200000; failures visible/hidden [183, 526]; 0.4s
rotated_surface_d3 X: 150000/200000; failures visible/hidden [273, 775]; 0.6s
rotated_surface_d3 X: 200000/200000; failures visible/hidden [357, 1013]; 0.8s
rotated_surface_d3 Z: 50000/200000; failures visible/hidden [82, 244]; 0.2s
rotated_surface_d3 Z: 100000/200000; failures visible/hidden [162, 470]; 0.4s
rotated_surface_d3 Z: 150000/200000; failures visible/hidden [226, 688]; 0.6s
rotated_surface_d3 Z: 200000/200000; failures visible/hidden [311, 925]; 0.8s
rotated_surface_d5 X: 50000/200000; failures visible/hidden [14, 116]; 2.8s
rotated_surface_d5 X: 100000/200000; failures visible/hidden [27, 204]; 5.8s
rotated_surface_d5 X: 150000/200000; failures visible/hidden [44, 293]; 8.9s
rotated_surface_d5 X: 200000/200000; failures visible/hidden [54, 393]; 11.9s
rotated_surface_d5 Z: 50000/200000; failures visible/hidden [10, 75]; 2.8s
rotated_surface_d5 Z: 100000/200000; failures visible/hidden [28, 169]; 5.7s
rotated_surface_d5 Z: 150000/200000; failures visible/hidden [39, 254]; 8.7s
rotated_surface_d5 Z: 200000/200000; failures visible/hidden [49, 341]; 11.7s
rotated_surface_d7 X: 50000/50000; failures visible/hidden [3, 24]; 21.8s
rotated_surface_d7 Z: 50000/50000; failures visible/hidden [2, 36]; 21.7s
rotated_surface_d3 X: 50000/200000; failures visible/hidden [98, 248]; 0.2s
rotated_surface_d3 X: 100000/200000; failures visible/hidden [168, 497]; 0.4s
rotated_surface_d3 X: 150000/200000; failures visible/hidden [265, 780]; 0.6s
rotated_surface_d3 X: 200000/200000; failures visible/hidden [361, 1027]; 0.8s
rotated_surface_d3 Z: 50000/200000; failures visible/hidden [81, 220]; 0.2s
rotated_surface_d3 Z: 100000/200000; failures visible/hidden [163, 439]; 0.4s
rotated_surface_d3 Z: 150000/200000; failures visible/hidden [244, 698]; 0.6s
rotated_surface_d3 Z: 200000/200000; failures visible/hidden [325, 924]; 0.8s
rotated_surface_d5 X: 50000/200000; failures visible/hidden [13, 99]; 2.9s
rotated_surface_d5 X: 100000/200000; failures visible/hidden [29, 184]; 6.3s
rotated_surface_d5 X: 150000/200000; failures visible/hidden [42, 269]; 9.5s
rotated_surface_d5 X: 200000/200000; failures visible/hidden [57, 349]; 12.7s
rotated_surface_d5 Z: 50000/200000; failures visible/hidden [17, 91]; 2.8s
rotated_surface_d5 Z: 100000/200000; failures visible/hidden [30, 172]; 5.9s
rotated_surface_d5 Z: 150000/200000; failures visible/hidden [47, 281]; 9.0s
rotated_surface_d5 Z: 200000/200000; failures visible/hidden [54, 365]; 12.0s
rotated_surface_d7 X: 50000/50000; failures visible/hidden [2, 37]; 21.8s
rotated_surface_d7 Z: 50000/50000; failures visible/hidden [2, 38]; 21.7s
rotated_surface_d3 X: 50000/200000; failures visible/hidden [101, 240]; 0.2s
rotated_surface_d3 X: 100000/200000; failures visible/hidden [195, 486]; 0.4s
rotated_surface_d3 X: 150000/200000; failures visible/hidden [284, 715]; 0.6s
rotated_surface_d3 X: 200000/200000; failures visible/hidden [355, 979]; 0.8s
rotated_surface_d3 Z: 50000/200000; failures visible/hidden [80, 260]; 0.2s
rotated_surface_d3 Z: 100000/200000; failures visible/hidden [180, 513]; 0.4s
rotated_surface_d3 Z: 150000/200000; failures visible/hidden [258, 754]; 0.6s
rotated_surface_d3 Z: 200000/200000; failures visible/hidden [350, 998]; 0.8s
rotated_surface_d5 X: 50000/200000; failures visible/hidden [9, 93]; 2.9s
rotated_surface_d5 X: 100000/200000; failures visible/hidden [23, 196]; 6.0s
rotated_surface_d5 X: 150000/200000; failures visible/hidden [36, 291]; 9.1s
rotated_surface_d5 X: 200000/200000; failures visible/hidden [51, 396]; 12.2s
rotated_surface_d5 Z: 50000/200000; failures visible/hidden [12, 88]; 2.8s
rotated_surface_d5 Z: 100000/200000; failures visible/hidden [27, 169]; 5.9s
rotated_surface_d5 Z: 150000/200000; failures visible/hidden [36, 262]; 8.9s
rotated_surface_d5 Z: 200000/200000; failures visible/hidden [51, 340]; 11.9s
rotated_surface_d7 X: 50000/50000; failures visible/hidden [1, 29]; 22.1s
rotated_surface_d7 Z: 50000/50000; failures visible/hidden [1, 35]; 22.1s
rotated_surface_d3 X: 50000/200000; failures visible/hidden [88, 257]; 0.2s
rotated_surface_d3 X: 100000/200000; failures visible/hidden [173, 493]; 0.4s
rotated_surface_d3 X: 150000/200000; failures visible/hidden [257, 749]; 0.6s
rotated_surface_d3 X: 200000/200000; failures visible/hidden [358, 1011]; 0.8s
rotated_surface_d3 Z: 50000/200000; failures visible/hidden [81, 236]; 0.2s
rotated_surface_d3 Z: 100000/200000; failures visible/hidden [174, 486]; 0.4s
rotated_surface_d3 Z: 150000/200000; failures visible/hidden [257, 735]; 0.6s
rotated_surface_d3 Z: 200000/200000; failures visible/hidden [333, 983]; 0.8s
rotated_surface_d5 X: 50000/200000; failures visible/hidden [18, 98]; 2.8s
rotated_surface_d5 X: 100000/200000; failures visible/hidden [28, 203]; 5.8s
rotated_surface_d5 X: 150000/200000; failures visible/hidden [51, 294]; 8.9s
rotated_surface_d5 X: 200000/200000; failures visible/hidden [66, 394]; 11.9s
rotated_surface_d5 Z: 50000/200000; failures visible/hidden [15, 90]; 2.8s
rotated_surface_d5 Z: 100000/200000; failures visible/hidden [26, 180]; 5.8s
rotated_surface_d5 Z: 150000/200000; failures visible/hidden [44, 266]; 9.0s
rotated_surface_d5 Z: 200000/200000; failures visible/hidden [60, 350]; 12.1s
rotated_surface_d7 X: 50000/50000; failures visible/hidden [1, 33]; 22.1s
rotated_surface_d7 Z: 50000/50000; failures visible/hidden [3, 30]; 22.1s
rotated_surface_d3 X: 50000/200000; failures visible/hidden [88, 239]; 0.2s
rotated_surface_d3 X: 100000/200000; failures visible/hidden [182, 501]; 0.4s
rotated_surface_d3 X: 150000/200000; failures visible/hidden [276, 740]; 0.6s
rotated_surface_d3 X: 200000/200000; failures visible/hidden [359, 968]; 0.8s
rotated_surface_d3 Z: 50000/200000; failures visible/hidden [87, 219]; 0.2s
rotated_surface_d3 Z: 100000/200000; failures visible/hidden [172, 466]; 0.4s
rotated_surface_d3 Z: 150000/200000; failures visible/hidden [249, 697]; 0.6s
rotated_surface_d3 Z: 200000/200000; failures visible/hidden [315, 915]; 0.8s
rotated_surface_d5 X: 50000/200000; failures visible/hidden [15, 101]; 2.9s
rotated_surface_d5 X: 100000/200000; failures visible/hidden [27, 202]; 6.1s
rotated_surface_d5 X: 150000/200000; failures visible/hidden [49, 297]; 9.4s
rotated_surface_d5 X: 200000/200000; failures visible/hidden [68, 389]; 12.6s
rotated_surface_d5 Z: 50000/200000; failures visible/hidden [11, 92]; 2.9s
rotated_surface_d5 Z: 100000/200000; failures visible/hidden [32, 180]; 6.1s
rotated_surface_d5 Z: 150000/200000; failures visible/hidden [48, 279]; 9.2s
rotated_surface_d5 Z: 200000/200000; failures visible/hidden [60, 361]; 12.5s
rotated_surface_d7 X: 50000/50000; failures visible/hidden [4, 35]; 22.2s
rotated_surface_d7 Z: 50000/50000; failures visible/hidden [0, 30]; 22.0s
rotated_surface_d3 X: 50000/200000; failures visible/hidden [90, 287]; 0.2s
rotated_surface_d3 X: 100000/200000; failures visible/hidden [186, 548]; 0.4s
rotated_surface_d3 X: 150000/200000; failures visible/hidden [263, 801]; 0.6s
rotated_surface_d3 X: 200000/200000; failures visible/hidden [360, 1067]; 0.8s
rotated_surface_d3 Z: 50000/200000; failures visible/hidden [90, 239]; 0.2s
rotated_surface_d3 Z: 100000/200000; failures visible/hidden [172, 470]; 0.4s
rotated_surface_d3 Z: 150000/200000; failures visible/hidden [244, 708]; 0.6s
rotated_surface_d3 Z: 200000/200000; failures visible/hidden [339, 957]; 0.8s
rotated_surface_d5 X: 50000/200000; failures visible/hidden [14, 96]; 2.8s
rotated_surface_d5 X: 100000/200000; failures visible/hidden [27, 222]; 5.9s
rotated_surface_d5 X: 150000/200000; failures visible/hidden [42, 308]; 8.9s
rotated_surface_d5 X: 200000/200000; failures visible/hidden [58, 411]; 12.0s
rotated_surface_d5 Z: 50000/200000; failures visible/hidden [18, 101]; 2.8s
rotated_surface_d5 Z: 100000/200000; failures visible/hidden [33, 184]; 6.0s
rotated_surface_d5 Z: 150000/200000; failures visible/hidden [44, 273]; 9.0s
rotated_surface_d5 Z: 200000/200000; failures visible/hidden [56, 352]; 12.2s
rotated_surface_d7 X: 50000/50000; failures visible/hidden [2, 34]; 21.8s
rotated_surface_d7 Z: 50000/50000; failures visible/hidden [0, 25]; 21.7s
rotated_surface_d3 X: 50000/200000; failures visible/hidden [110, 276]; 0.2s
rotated_surface_d3 X: 100000/200000; failures visible/hidden [211, 538]; 0.4s
rotated_surface_d3 X: 150000/200000; failures visible/hidden [321, 810]; 0.6s
rotated_surface_d3 X: 200000/200000; failures visible/hidden [431, 1090]; 0.8s
rotated_surface_d3 Z: 50000/200000; failures visible/hidden [82, 239]; 0.2s
rotated_surface_d3 Z: 100000/200000; failures visible/hidden [168, 486]; 0.4s
rotated_surface_d3 Z: 150000/200000; failures visible/hidden [250, 741]; 0.6s
rotated_surface_d3 Z: 200000/200000; failures visible/hidden [339, 979]; 0.8s
rotated_surface_d5 X: 50000/200000; failures visible/hidden [16, 95]; 2.8s
rotated_surface_d5 X: 100000/200000; failures visible/hidden [34, 201]; 5.9s
rotated_surface_d5 X: 150000/200000; failures visible/hidden [53, 317]; 9.0s
rotated_surface_d5 X: 200000/200000; failures visible/hidden [64, 421]; 12.1s
rotated_surface_d5 Z: 50000/200000; failures visible/hidden [13, 82]; 2.8s
rotated_surface_d5 Z: 100000/200000; failures visible/hidden [27, 176]; 6.1s
rotated_surface_d5 Z: 150000/200000; failures visible/hidden [44, 267]; 9.4s
rotated_surface_d5 Z: 200000/200000; failures visible/hidden [58, 359]; 12.6s
rotated_surface_d7 X: 50000/50000; failures visible/hidden [1, 36]; 22.6s
rotated_surface_d7 Z: 50000/50000; failures visible/hidden [2, 30]; 22.2s
rotated_surface_d3 X: 50000/200000; failures visible/hidden [130, 311]; 0.2s
rotated_surface_d3 X: 100000/200000; failures visible/hidden [252, 612]; 0.4s
rotated_surface_d3 X: 150000/200000; failures visible/hidden [380, 907]; 0.6s
rotated_surface_d3 X: 200000/200000; failures visible/hidden [495, 1180]; 0.8s
rotated_surface_d3 Z: 50000/200000; failures visible/hidden [136, 318]; 0.2s
rotated_surface_d3 Z: 100000/200000; failures visible/hidden [260, 575]; 0.4s
rotated_surface_d3 Z: 150000/200000; failures visible/hidden [369, 862]; 0.6s
rotated_surface_d3 Z: 200000/200000; failures visible/hidden [480, 1097]; 0.8s
rotated_surface_d5 X: 50000/200000; failures visible/hidden [19, 111]; 3.0s
rotated_surface_d5 X: 100000/200000; failures visible/hidden [43, 205]; 6.2s
rotated_surface_d5 X: 150000/200000; failures visible/hidden [64, 341]; 9.4s
rotated_surface_d5 X: 200000/200000; failures visible/hidden [89, 479]; 12.7s
rotated_surface_d5 Z: 50000/200000; failures visible/hidden [21, 108]; 2.9s
rotated_surface_d5 Z: 100000/200000; failures visible/hidden [40, 209]; 6.3s
rotated_surface_d5 Z: 150000/200000; failures visible/hidden [65, 316]; 9.6s
rotated_surface_d5 Z: 200000/200000; failures visible/hidden [79, 434]; 12.8s
rotated_surface_d7 X: 50000/50000; failures visible/hidden [1, 44]; 22.8s
rotated_surface_d7 Z: 50000/50000; failures visible/hidden [4, 36]; 22.0s
rotated_surface_d3 X: 50000/200000; failures visible/hidden [221, 369]; 0.2s
rotated_surface_d3 X: 100000/200000; failures visible/hidden [423, 800]; 0.4s
rotated_surface_d3 X: 150000/200000; failures visible/hidden [598, 1166]; 0.6s
rotated_surface_d3 X: 200000/200000; failures visible/hidden [803, 1519]; 0.8s
rotated_surface_d3 Z: 50000/200000; failures visible/hidden [172, 312]; 0.2s
rotated_surface_d3 Z: 100000/200000; failures visible/hidden [351, 681]; 0.4s
rotated_surface_d3 Z: 150000/200000; failures visible/hidden [540, 1035]; 0.6s
rotated_surface_d3 Z: 200000/200000; failures visible/hidden [725, 1372]; 0.8s
rotated_surface_d5 X: 50000/200000; failures visible/hidden [65, 180]; 2.9s
rotated_surface_d5 X: 100000/200000; failures visible/hidden [108, 354]; 6.1s
rotated_surface_d5 X: 150000/200000; failures visible/hidden [165, 528]; 9.3s
rotated_surface_d5 X: 200000/200000; failures visible/hidden [211, 709]; 12.5s
rotated_surface_d5 Z: 50000/200000; failures visible/hidden [40, 162]; 2.9s
rotated_surface_d5 Z: 100000/200000; failures visible/hidden [77, 304]; 6.1s
rotated_surface_d5 Z: 150000/200000; failures visible/hidden [116, 467]; 9.4s
rotated_surface_d5 Z: 200000/200000; failures visible/hidden [162, 609]; 12.7s
rotated_surface_d7 X: 50000/50000; failures visible/hidden [11, 69]; 22.0s
rotated_surface_d7 Z: 50000/50000; failures visible/hidden [13, 72]; 22.3s
rotated_surface_d3 X: 50000/200000; failures visible/hidden [517, 739]; 0.2s
rotated_surface_d3 X: 100000/200000; failures visible/hidden [1058, 1515]; 0.4s
rotated_surface_d3 X: 150000/200000; failures visible/hidden [1616, 2304]; 0.6s
rotated_surface_d3 X: 200000/200000; failures visible/hidden [2135, 3033]; 0.8s
rotated_surface_d3 Z: 50000/200000; failures visible/hidden [515, 704]; 0.2s
rotated_surface_d3 Z: 100000/200000; failures visible/hidden [1010, 1392]; 0.4s
rotated_surface_d3 Z: 150000/200000; failures visible/hidden [1481, 2079]; 0.6s
rotated_surface_d3 Z: 200000/200000; failures visible/hidden [1964, 2728]; 0.8s
rotated_surface_d5 X: 50000/200000; failures visible/hidden [221, 437]; 3.3s
rotated_surface_d5 X: 100000/200000; failures visible/hidden [456, 886]; 6.7s
rotated_surface_d5 X: 150000/200000; failures visible/hidden [703, 1331]; 10.1s
rotated_surface_d5 X: 200000/200000; failures visible/hidden [943, 1793]; 13.5s
rotated_surface_d5 Z: 50000/200000; failures visible/hidden [234, 443]; 3.1s
rotated_surface_d5 Z: 100000/200000; failures visible/hidden [465, 865]; 6.5s
rotated_surface_d5 Z: 150000/200000; failures visible/hidden [646, 1293]; 9.8s
rotated_surface_d5 Z: 200000/200000; failures visible/hidden [851, 1709]; 13.1s
rotated_surface_d7 X: 50000/50000; failures visible/hidden [98, 250]; 22.6s
rotated_surface_d7 Z: 50000/50000; failures visible/hidden [79, 200]; 22.4s
    80/90  1274s elapsed, ~159s left
rotated_surface_d3 X: 50000/200000; failures visible/hidden [193, 1026]; 0.3s
rotated_surface_d3 X: 100000/200000; failures visible/hidden [415, 2108]; 0.7s
rotated_surface_d3 X: 150000/200000; failures visible/hidden [581, 3159]; 1.0s
rotated_surface_d3 X: 200000/200000; failures visible/hidden [812, 4249]; 1.3s
rotated_surface_d3 Z: 50000/200000; failures visible/hidden [190, 1132]; 0.3s
rotated_surface_d3 Z: 100000/200000; failures visible/hidden [377, 2222]; 0.7s
rotated_surface_d3 Z: 150000/200000; failures visible/hidden [561, 3319]; 1.0s
rotated_surface_d3 Z: 200000/200000; failures visible/hidden [755, 4368]; 1.3s
rotated_surface_d5 X: 50000/200000; failures visible/hidden [47, 823]; 8.6s
rotated_surface_d5 X: 100000/200000; failures visible/hidden [85, 1624]; 17.9s
rotated_surface_d5 X: 150000/200000; failures visible/hidden [128, 2419]; 27.5s
rotated_surface_d5 X: 200000/200000; failures visible/hidden [173, 3250]; 37.1s
rotated_surface_d5 Z: 50000/200000; failures visible/hidden [33, 742]; 9.3s
rotated_surface_d5 Z: 100000/200000; failures visible/hidden [72, 1434]; 19.1s
rotated_surface_d5 Z: 150000/200000; failures visible/hidden [110, 2179]; 28.8s
rotated_surface_d5 Z: 200000/200000; failures visible/hidden [153, 2935]; 37.9s
rotated_surface_d7 X: 50000/50000; failures visible/hidden [11, 525]; 23.7s
rotated_surface_d7 Z: 50000/50000; failures visible/hidden [8, 427]; 23.8s
rotated_surface_d3 X: 50000/200000; failures visible/hidden [199, 1025]; 0.3s
rotated_surface_d3 X: 100000/200000; failures visible/hidden [394, 2080]; 0.7s
rotated_surface_d3 X: 150000/200000; failures visible/hidden [583, 3165]; 1.0s
rotated_surface_d3 X: 200000/200000; failures visible/hidden [783, 4186]; 1.3s
rotated_surface_d3 Z: 50000/200000; failures visible/hidden [180, 1084]; 0.3s
rotated_surface_d3 Z: 100000/200000; failures visible/hidden [386, 2172]; 0.7s
rotated_surface_d3 Z: 150000/200000; failures visible/hidden [567, 3198]; 1.0s
rotated_surface_d3 Z: 200000/200000; failures visible/hidden [767, 4253]; 1.3s
rotated_surface_d5 X: 50000/200000; failures visible/hidden [38, 800]; 8.5s
rotated_surface_d5 X: 100000/200000; failures visible/hidden [83, 1593]; 17.4s
rotated_surface_d5 X: 150000/200000; failures visible/hidden [126, 2363]; 26.3s
rotated_surface_d5 X: 200000/200000; failures visible/hidden [163, 3162]; 35.4s
rotated_surface_d5 Z: 50000/200000; failures visible/hidden [32, 741]; 8.3s
rotated_surface_d5 Z: 100000/200000; failures visible/hidden [59, 1523]; 17.4s
rotated_surface_d5 Z: 150000/200000; failures visible/hidden [91, 2323]; 26.4s
rotated_surface_d5 Z: 200000/200000; failures visible/hidden [129, 3085]; 35.4s
rotated_surface_d7 X: 50000/50000; failures visible/hidden [7, 492]; 23.7s
rotated_surface_d7 Z: 50000/50000; failures visible/hidden [10, 424]; 23.7s
rotated_surface_d3 X: 50000/200000; failures visible/hidden [200, 1060]; 0.3s
rotated_surface_d3 X: 100000/200000; failures visible/hidden [379, 2137]; 0.7s
rotated_surface_d3 X: 150000/200000; failures visible/hidden [579, 3154]; 1.0s
rotated_surface_d3 X: 200000/200000; failures visible/hidden [806, 4207]; 1.3s
rotated_surface_d3 Z: 50000/200000; failures visible/hidden [196, 1076]; 0.3s
rotated_surface_d3 Z: 100000/200000; failures visible/hidden [385, 2179]; 0.7s
rotated_surface_d3 Z: 150000/200000; failures visible/hidden [586, 3289]; 1.0s
rotated_surface_d3 Z: 200000/200000; failures visible/hidden [789, 4359]; 1.3s
rotated_surface_d5 X: 50000/200000; failures visible/hidden [21, 801]; 8.5s
rotated_surface_d5 X: 100000/200000; failures visible/hidden [56, 1604]; 17.5s
rotated_surface_d5 X: 150000/200000; failures visible/hidden [100, 2405]; 26.6s
rotated_surface_d5 X: 200000/200000; failures visible/hidden [143, 3238]; 35.5s
rotated_surface_d5 Z: 50000/200000; failures visible/hidden [45, 735]; 8.4s
rotated_surface_d5 Z: 100000/200000; failures visible/hidden [89, 1475]; 17.3s
rotated_surface_d5 Z: 150000/200000; failures visible/hidden [131, 2252]; 26.2s
rotated_surface_d5 Z: 200000/200000; failures visible/hidden [174, 2985]; 35.2s
rotated_surface_d7 X: 50000/50000; failures visible/hidden [3, 488]; 23.3s
rotated_surface_d7 Z: 50000/50000; failures visible/hidden [5, 433]; 23.8s
rotated_surface_d3 X: 50000/200000; failures visible/hidden [201, 1088]; 0.3s
rotated_surface_d3 X: 100000/200000; failures visible/hidden [425, 2128]; 0.7s
rotated_surface_d3 X: 150000/200000; failures visible/hidden [613, 3188]; 1.0s
rotated_surface_d3 X: 200000/200000; failures visible/hidden [807, 4247]; 1.3s
rotated_surface_d3 Z: 50000/200000; failures visible/hidden [163, 1077]; 0.3s
rotated_surface_d3 Z: 100000/200000; failures visible/hidden [330, 2151]; 0.7s
rotated_surface_d3 Z: 150000/200000; failures visible/hidden [546, 3283]; 1.0s
rotated_surface_d3 Z: 200000/200000; failures visible/hidden [739, 4355]; 1.3s
rotated_surface_d5 X: 50000/200000; failures visible/hidden [41, 859]; 8.5s
rotated_surface_d5 X: 100000/200000; failures visible/hidden [90, 1661]; 17.6s
rotated_surface_d5 X: 150000/200000; failures visible/hidden [124, 2433]; 26.7s
rotated_surface_d5 X: 200000/200000; failures visible/hidden [159, 3219]; 35.8s
rotated_surface_d5 Z: 50000/200000; failures visible/hidden [40, 759]; 8.4s
rotated_surface_d5 Z: 100000/200000; failures visible/hidden [81, 1533]; 17.5s
rotated_surface_d5 Z: 150000/200000; failures visible/hidden [123, 2310]; 26.6s
rotated_surface_d5 Z: 200000/200000; failures visible/hidden [159, 3074]; 35.7s
rotated_surface_d7 X: 50000/50000; failures visible/hidden [5, 488]; 23.5s
rotated_surface_d7 Z: 50000/50000; failures visible/hidden [11, 404]; 24.4s
rotated_surface_d3 X: 50000/200000; failures visible/hidden [199, 1066]; 0.4s
rotated_surface_d3 X: 100000/200000; failures visible/hidden [406, 2119]; 0.7s
rotated_surface_d3 X: 150000/200000; failures visible/hidden [614, 3170]; 1.0s
rotated_surface_d3 X: 200000/200000; failures visible/hidden [834, 4243]; 1.4s
rotated_surface_d3 Z: 50000/200000; failures visible/hidden [198, 1086]; 0.4s
rotated_surface_d3 Z: 100000/200000; failures visible/hidden [415, 2170]; 0.7s
rotated_surface_d3 Z: 150000/200000; failures visible/hidden [585, 3236]; 1.1s
rotated_surface_d3 Z: 200000/200000; failures visible/hidden [788, 4342]; 1.4s
rotated_surface_d5 X: 50000/200000; failures visible/hidden [41, 772]; 8.9s
rotated_surface_d5 X: 100000/200000; failures visible/hidden [85, 1572]; 18.0s
rotated_surface_d5 X: 150000/200000; failures visible/hidden [125, 2439]; 27.1s
rotated_surface_d5 X: 200000/200000; failures visible/hidden [156, 3234]; 36.3s
rotated_surface_d5 Z: 50000/200000; failures visible/hidden [37, 750]; 8.5s
rotated_surface_d5 Z: 100000/200000; failures visible/hidden [75, 1490]; 17.4s
rotated_surface_d5 Z: 150000/200000; failures visible/hidden [111, 2206]; 26.2s
rotated_surface_d5 Z: 200000/200000; failures visible/hidden [151, 2960]; 35.3s
rotated_surface_d7 X: 50000/50000; failures visible/hidden [10, 471]; 23.7s
rotated_surface_d7 Z: 50000/50000; failures visible/hidden [7, 386]; 23.9s
rotated_surface_d3 X: 50000/200000; failures visible/hidden [232, 1141]; 0.3s
rotated_surface_d3 X: 100000/200000; failures visible/hidden [443, 2180]; 0.7s
rotated_surface_d3 X: 150000/200000; failures visible/hidden [663, 3264]; 1.0s
rotated_surface_d3 X: 200000/200000; failures visible/hidden [865, 4381]; 1.3s
rotated_surface_d3 Z: 50000/200000; failures visible/hidden [189, 1083]; 0.3s
rotated_surface_d3 Z: 100000/200000; failures visible/hidden [396, 2150]; 0.7s
rotated_surface_d3 Z: 150000/200000; failures visible/hidden [591, 3233]; 1.0s
rotated_surface_d3 Z: 200000/200000; failures visible/hidden [799, 4308]; 1.3s
rotated_surface_d5 X: 50000/200000; failures visible/hidden [43, 765]; 8.5s
rotated_surface_d5 X: 100000/200000; failures visible/hidden [88, 1571]; 17.5s
rotated_surface_d5 X: 150000/200000; failures visible/hidden [139, 2341]; 26.5s
rotated_surface_d5 X: 200000/200000; failures visible/hidden [184, 3164]; 35.4s
rotated_surface_d5 Z: 50000/200000; failures visible/hidden [31, 731]; 8.5s
rotated_surface_d5 Z: 100000/200000; failures visible/hidden [70, 1490]; 17.4s
rotated_surface_d5 Z: 150000/200000; failures visible/hidden [118, 2250]; 26.6s
rotated_surface_d5 Z: 200000/200000; failures visible/hidden [150, 2996]; 35.6s
rotated_surface_d7 X: 50000/50000; failures visible/hidden [7, 489]; 23.4s
rotated_surface_d7 Z: 50000/50000; failures visible/hidden [6, 433]; 23.5s
rotated_surface_d3 X: 50000/200000; failures visible/hidden [233, 1114]; 0.3s
rotated_surface_d3 X: 100000/200000; failures visible/hidden [478, 2249]; 0.7s
rotated_surface_d3 X: 150000/200000; failures visible/hidden [722, 3358]; 1.0s
rotated_surface_d3 X: 200000/200000; failures visible/hidden [967, 4470]; 1.3s
rotated_surface_d3 Z: 50000/200000; failures visible/hidden [216, 1093]; 0.3s
rotated_surface_d3 Z: 100000/200000; failures visible/hidden [394, 2150]; 0.7s
rotated_surface_d3 Z: 150000/200000; failures visible/hidden [599, 3247]; 1.0s
rotated_surface_d3 Z: 200000/200000; failures visible/hidden [804, 4398]; 1.3s
rotated_surface_d5 X: 50000/200000; failures visible/hidden [39, 801]; 8.6s
rotated_surface_d5 X: 100000/200000; failures visible/hidden [88, 1617]; 17.6s
rotated_surface_d5 X: 150000/200000; failures visible/hidden [128, 2482]; 26.7s
rotated_surface_d5 X: 200000/200000; failures visible/hidden [180, 3324]; 35.7s
rotated_surface_d5 Z: 50000/200000; failures visible/hidden [46, 788]; 8.7s
rotated_surface_d5 Z: 100000/200000; failures visible/hidden [87, 1542]; 17.5s
rotated_surface_d5 Z: 150000/200000; failures visible/hidden [133, 2278]; 26.5s
rotated_surface_d5 Z: 200000/200000; failures visible/hidden [177, 3052]; 35.4s
rotated_surface_d7 X: 50000/50000; failures visible/hidden [9, 507]; 24.2s
rotated_surface_d7 Z: 50000/50000; failures visible/hidden [10, 442]; 23.5s
rotated_surface_d3 X: 50000/200000; failures visible/hidden [262, 1117]; 0.3s
rotated_surface_d3 X: 100000/200000; failures visible/hidden [528, 2261]; 0.7s
rotated_surface_d3 X: 150000/200000; failures visible/hidden [762, 3377]; 1.0s
rotated_surface_d3 X: 200000/200000; failures visible/hidden [1020, 4526]; 1.3s
rotated_surface_d3 Z: 50000/200000; failures visible/hidden [246, 1106]; 0.3s
rotated_surface_d3 Z: 100000/200000; failures visible/hidden [519, 2302]; 0.7s
rotated_surface_d3 Z: 150000/200000; failures visible/hidden [800, 3470]; 1.0s
rotated_surface_d3 Z: 200000/200000; failures visible/hidden [1043, 4588]; 1.3s
rotated_surface_d5 X: 50000/200000; failures visible/hidden [54, 918]; 8.7s
rotated_surface_d5 X: 100000/200000; failures visible/hidden [109, 1790]; 18.1s
rotated_surface_d5 X: 150000/200000; failures visible/hidden [164, 2674]; 27.4s
rotated_surface_d5 X: 200000/200000; failures visible/hidden [225, 3528]; 36.6s
rotated_surface_d5 Z: 50000/200000; failures visible/hidden [44, 833]; 8.5s
rotated_surface_d5 Z: 100000/200000; failures visible/hidden [99, 1644]; 17.6s
rotated_surface_d5 Z: 150000/200000; failures visible/hidden [145, 2478]; 26.8s
rotated_surface_d5 Z: 200000/200000; failures visible/hidden [193, 3259]; 36.0s
rotated_surface_d7 X: 50000/50000; failures visible/hidden [14, 535]; 24.3s
rotated_surface_d7 Z: 50000/50000; failures visible/hidden [11, 479]; 24.1s
rotated_surface_d3 X: 50000/200000; failures visible/hidden [375, 1251]; 0.4s
rotated_surface_d3 X: 100000/200000; failures visible/hidden [768, 2512]; 0.7s
rotated_surface_d3 X: 150000/200000; failures visible/hidden [1157, 3827]; 1.0s
rotated_surface_d3 X: 200000/200000; failures visible/hidden [1552, 5139]; 1.3s
rotated_surface_d3 Z: 50000/200000; failures visible/hidden [385, 1244]; 0.3s
rotated_surface_d3 Z: 100000/200000; failures visible/hidden [787, 2529]; 0.7s
rotated_surface_d3 Z: 150000/200000; failures visible/hidden [1174, 3818]; 1.0s
rotated_surface_d3 Z: 200000/200000; failures visible/hidden [1564, 5100]; 1.3s
rotated_surface_d5 X: 50000/200000; failures visible/hidden [111, 1002]; 9.1s
rotated_surface_d5 X: 100000/200000; failures visible/hidden [227, 2007]; 18.5s
rotated_surface_d5 X: 150000/200000; failures visible/hidden [341, 3066]; 28.1s
rotated_surface_d5 X: 200000/200000; failures visible/hidden [446, 4081]; 37.6s
rotated_surface_d5 Z: 50000/200000; failures visible/hidden [80, 912]; 8.8s
rotated_surface_d5 Z: 100000/200000; failures visible/hidden [167, 1860]; 18.1s
rotated_surface_d5 Z: 150000/200000; failures visible/hidden [276, 2833]; 27.5s
rotated_surface_d5 Z: 200000/200000; failures visible/hidden [368, 3725]; 36.9s
rotated_surface_d7 X: 50000/50000; failures visible/hidden [36, 669]; 24.1s
rotated_surface_d7 Z: 50000/50000; failures visible/hidden [26, 569]; 24.6s
rotated_surface_d3 X: 50000/200000; failures visible/hidden [889, 1833]; 0.4s
rotated_surface_d3 X: 100000/200000; failures visible/hidden [1778, 3577]; 0.7s
rotated_surface_d3 X: 150000/200000; failures visible/hidden [2640, 5342]; 1.1s
rotated_surface_d3 X: 200000/200000; failures visible/hidden [3529, 7171]; 1.4s
rotated_surface_d3 Z: 50000/200000; failures visible/hidden [855, 1756]; 0.4s
rotated_surface_d3 Z: 100000/200000; failures visible/hidden [1686, 3414]; 0.7s
rotated_surface_d3 Z: 150000/200000; failures visible/hidden [2586, 5189]; 1.0s
rotated_surface_d3 Z: 200000/200000; failures visible/hidden [3483, 7002]; 1.4s
rotated_surface_d5 X: 50000/200000; failures visible/hidden [420, 1618]; 9.5s
rotated_surface_d5 X: 100000/200000; failures visible/hidden [832, 3235]; 19.6s
rotated_surface_d5 X: 150000/200000; failures visible/hidden [1220, 4799]; 29.5s
rotated_surface_d5 X: 200000/200000; failures visible/hidden [1631, 6416]; 39.3s
rotated_surface_d5 Z: 50000/200000; failures visible/hidden [344, 1406]; 9.2s
rotated_surface_d5 Z: 100000/200000; failures visible/hidden [726, 2891]; 18.8s
rotated_surface_d5 Z: 150000/200000; failures visible/hidden [1111, 4361]; 28.6s
rotated_surface_d5 Z: 200000/200000; failures visible/hidden [1502, 5877]; 38.5s
rotated_surface_d7 X: 50000/50000; failures visible/hidden [156, 1184]; 24.8s
rotated_surface_d7 Z: 50000/50000; failures visible/hidden [155, 1109]; 26.2s
    90/90  2518s elapsed, ~0s left
  [FAIL] d=3: L increases from (0,0) to (3e-2, 1e-2): -1.667e-02 (tol 0e+00)
  fork d=3 baseline (h=p=0): (8.57e-04) stack noise alone
  [FAIL] d=5: L increases from (0,0) to (3e-2, 1e-2): -7.715e-03 (tol 0e+00)
  fork d=5 baseline (h=p=0): (1.17e-04) stack noise alone
  [FAIL] d=7: L increases from (0,0) to (3e-2, 1e-2): -3.090e-03 (tol 0e+00)
  fork d=7 baseline (h=p=0): (2.00e-05) stack noise alone
  figure /home/williaml/seated-root/runs/2026-09-06/sweep_decoder_surface/decoder_surface.png

RESULT: 0/3 checks passed; 3 forks recorded; 5 held out; 1 figures.  runtime 2518.7s
FAILED:
  d=3: L increases from (0,0) to (3e-2, 1e-2)
  d=5: L increases from (0,0) to (3e-2, 1e-2)
  d=7: L increases from (0,0) to (3e-2, 1e-2)
